agents;comms;simulations;mean;dvest;r;time
2;10;30;0.0;0.0;0.0;0:00.36
2;20;30;0.0;0.0;0.0;0:00.43
2;30;30;0.0;0.0;0.0;0:00.48
2;40;30;0.0;0.0;0.0;0:00.53
2;50;180;0.016666666666666666;0.12837619299299347;0.01888176341666884;0:02.06
2;60;210;0.01904761904761905;0.13701900688551372;0.018639806330790383;0:02.83
2;70;1140;0.13421052631578947;0.34102797327286133;0.01981743360148954;0:15.98
2;80;1920;0.27395833333333336;0.4461040409536992;0.019966761874451417;0:29.33
2;90;2430;0.5037037037037037;0.5000891919898967;0.019893393936658822;0:40.97
2;100;2160;0.6648148148148149;0.4721644728816047;0.01992315249212094;0:37.68
2;110;1350;0.8355555555555556;0.37081575504657094;0.01979835996464234;0:24.29
2;120;660;0.9272727272727272;0.2598852639015103;0.019863516747698408;0:12.67
2;130;330;0.9666666666666667;0.17977809128866656;0.019468319360644068;0:06.44
2;140;240;0.975;0.1564512302530687;0.019894188538233798;0:05.45
2;150;30;1.0;0.0;0.0;0:00.84
2;160;30;1.0;0.0;0.0;0:00.84
2;170;30;1.0;0.0;0.0;0:00.92
2;180;30;1.0;0.0;0.0;0:00.96
2;190;30;1.0;0.0;0.0;0:00.90
2;200;30;1.0;0.0;0.0;0:00.87
2;210;30;1.0;0.0;0.0;0:00.87
2;220;30;1.0;0.0;0.0;0:00.85
2;230;30;1.0;0.0;0.0;0:00.86
2;240;30;1.0;0.0;0.0;0:00.87
2;250;30;1.0;0.0;0.0;0:00.82
2;260;30;1.0;0.0;0.0;0:00.92
2;270;30;1.0;0.0;0.0;0:00.85
2;280;30;1.0;0.0;0.0;0:00.85
2;290;30;1.0;0.0;0.0;0:00.83
2;300;30;1.0;0.0;0.0;0:00.84
2;310;30;1.0;0.0;0.0;0:01.00
2;320;30;1.0;0.0;0.0;0:00.86
2;330;30;1.0;0.0;0.0;0:00.79
2;340;30;1.0;0.0;0.0;0:00.87
2;350;30;1.0;0.0;0.0;0:00.85
2;360;30;1.0;0.0;0.0;0:00.90
2;370;30;1.0;0.0;0.0;0:00.81
2;380;30;1.0;0.0;0.0;0:00.86
2;390;30;1.0;0.0;0.0;0:00.85
2;400;30;1.0;0.0;0.0;0:00.85
2;410;30;1.0;0.0;0.0;0:00.85
2;420;30;1.0;0.0;0.0;0:00.85
2;430;30;1.0;0.0;0.0;0:00.93
2;440;30;1.0;0.0;0.0;0:00.94
2;450;30;1.0;0.0;0.0;0:00.95
2;460;30;1.0;0.0;0.0;0:00.87
2;470;30;1.0;0.0;0.0;0:00.90
2;480;30;1.0;0.0;0.0;0:00.88
2;490;30;1.0;0.0;0.0;0:00.86
2;500;30;1.0;0.0;0.0;0:00.80
2;510;30;1.0;0.0;0.0;0:00.89
2;520;30;1.0;0.0;0.0;0:00.91
2;530;30;1.0;0.0;0.0;0:00.87
2;540;30;1.0;0.0;0.0;0:00.84
2;550;30;1.0;0.0;0.0;0:00.89
2;560;30;1.0;0.0;0.0;0:00.96
2;570;30;1.0;0.0;0.0;0:00.84
2;580;30;1.0;0.0;0.0;0:00.98
2;590;30;1.0;0.0;0.0;0:00.93
2;600;30;1.0;0.0;0.0;0:00.88
3;10;30;0.0;0.0;0.0;0:00.37
3;20;30;0.0;0.0;0.0;0:00.42
3;30;30;0.0;0.0;0.0;0:00.47
3;40;30;0.0;0.0;0.0;0:00.53
3;50;150;0.013333333333333334;0.11508191810497581;0.018567408772215844;0:01.60
3;60;30;0.0;0.0;0.0;0:00.64
3;70;1170;0.14017094017094017;0.3473127509514333;0.019921671516518483;0:16.23
3;80;1980;0.2828282828282828;0.45048744674481755;0.019854725363509136;0:30.57
3;90;2430;0.4897119341563786;0.4999970351307359;0.0198897279652029;0:39.82
3;100;1980;0.7131313131313132;0.4524139877373904;0.0199396354816167;0:35.28
3;110;1380;0.8282608695652174;0.37729027578548724;0.01992349415744906;0:25.89
3;120;750;0.9173333333333333;0.2755614893293767;0.01975323994839109;0:14.17
3;130;300;0.97;0.17087224588772684;0.019414243556415845;0:06.05
3;140;30;1.0;0.0;0.0;0:00.92
3;150;30;1.0;0.0;0.0;0:00.85
3;160;30;1.0;0.0;0.0;0:00.90
3;170;30;1.0;0.0;0.0;0:00.92
3;180;30;1.0;0.0;0.0;0:00.84
3;190;30;1.0;0.0;0.0;0:00.88
3;200;30;1.0;0.0;0.0;0:00.81
3;210;30;1.0;0.0;0.0;0:00.87
3;220;30;1.0;0.0;0.0;0:00.84
3;230;30;1.0;0.0;0.0;0:00.91
3;240;30;1.0;0.0;0.0;0:00.92
3;250;30;1.0;0.0;0.0;0:00.87
3;260;30;1.0;0.0;0.0;0:00.85
3;270;30;1.0;0.0;0.0;0:00.85
3;280;30;1.0;0.0;0.0;0:00.90
3;290;30;1.0;0.0;0.0;0:00.89
3;300;30;1.0;0.0;0.0;0:00.88
3;310;30;1.0;0.0;0.0;0:00.89
3;320;30;1.0;0.0;0.0;0:00.96
3;330;30;1.0;0.0;0.0;0:00.79
3;340;30;1.0;0.0;0.0;0:00.87
3;350;30;1.0;0.0;0.0;0:00.85
3;360;30;1.0;0.0;0.0;0:00.96
3;370;30;1.0;0.0;0.0;0:00.83
3;380;30;1.0;0.0;0.0;0:00.93
3;390;30;1.0;0.0;0.0;0:00.98
3;400;30;1.0;0.0;0.0;0:00.91
3;410;30;1.0;0.0;0.0;0:00.83
3;420;30;1.0;0.0;0.0;0:00.94
3;430;30;1.0;0.0;0.0;0:00.95
3;440;30;1.0;0.0;0.0;0:00.87
3;450;30;1.0;0.0;0.0;0:00.88
3;460;30;1.0;0.0;0.0;0:00.94
3;470;30;1.0;0.0;0.0;0:00.86
3;480;30;1.0;0.0;0.0;0:00.89
3;490;30;1.0;0.0;0.0;0:00.86
3;500;30;1.0;0.0;0.0;0:00.86
3;510;30;1.0;0.0;0.0;0:00.84
3;520;30;1.0;0.0;0.0;0:00.90
3;530;30;1.0;0.0;0.0;0:00.92
3;540;30;1.0;0.0;0.0;0:00.87
3;550;30;1.0;0.0;0.0;0:00.85
3;560;30;1.0;0.0;0.0;0:00.85
3;570;30;1.0;0.0;0.0;0:00.84
3;580;30;1.0;0.0;0.0;0:00.92
3;590;30;1.0;0.0;0.0;0:00.84
3;600;30;1.0;0.0;0.0;0:00.86
4;10;30;0.0;0.0;0.0;0:00.35
4;20;30;0.0;0.0;0.0;0:00.42
4;30;30;0.0;0.0;0.0;0:00.49
4;40;30;0.0;0.0;0.0;0:00.53
4;50;30;0.0;0.0;0.0;0:00.64
4;60;330;0.030303030303030304;0.17168014453414093;0.01859138595650944;0:04.25
4;70;1080;0.12314814814814815;0.3287594232626089;0.01962916635300457;0:13.49
4;80;2040;0.2995098039215686;0.45815562493234374;0.019893165896758762;0:31.11
4;90;2430;0.49588477366255146;0.5000859735622829;0.019893265908600223;0:40.46
4;100;2100;0.6819047619047619;0.46584761198832686;0.019935760978313663;0:35.97
4;110;1470;0.8129251700680272;0.39010429717501116;0.019958510737961996;0:26.53
4;120;630;0.9301587301587302;0.25508184455129035;0.019956934922755132;0:12.17
4;130;330;0.9696969696969697;0.17168014453414085;0.018591385956509433;0:06.42
4;140;30;1.0;0.0;0.0;0:00.87
4;150;30;1.0;0.0;0.0;0:00.82
4;160;30;1.0;0.0;0.0;0:00.84
4;170;30;1.0;0.0;0.0;0:00.91
4;180;30;1.0;0.0;0.0;0:00.81
4;190;30;1.0;0.0;0.0;0:00.95
4;200;30;1.0;0.0;0.0;0:00.87
4;210;30;1.0;0.0;0.0;0:00.94
4;220;30;1.0;0.0;0.0;0:00.83
4;230;30;1.0;0.0;0.0;0:00.84
4;240;30;1.0;0.0;0.0;0:00.87
4;250;30;1.0;0.0;0.0;0:00.87
4;260;30;1.0;0.0;0.0;0:00.84
4;270;30;1.0;0.0;0.0;0:00.81
4;280;30;1.0;0.0;0.0;0:00.84
4;290;30;1.0;0.0;0.0;0:00.88
4;300;30;1.0;0.0;0.0;0:00.84
4;310;30;1.0;0.0;0.0;0:00.88
4;320;30;1.0;0.0;0.0;0:00.84
4;330;30;1.0;0.0;0.0;0:00.87
4;340;30;1.0;0.0;0.0;0:00.85
4;350;30;1.0;0.0;0.0;0:00.90
4;360;30;1.0;0.0;0.0;0:00.91
4;370;30;1.0;0.0;0.0;0:00.86
4;380;30;1.0;0.0;0.0;0:00.84
4;390;30;1.0;0.0;0.0;0:00.85
4;400;30;1.0;0.0;0.0;0:00.86
4;410;30;1.0;0.0;0.0;0:00.80
4;420;30;1.0;0.0;0.0;0:00.89
4;430;30;1.0;0.0;0.0;0:00.85
4;440;30;1.0;0.0;0.0;0:00.88
4;450;30;1.0;0.0;0.0;0:00.84
4;460;30;1.0;0.0;0.0;0:00.90
4;470;30;1.0;0.0;0.0;0:00.86
4;480;30;1.0;0.0;0.0;0:00.88
4;490;30;1.0;0.0;0.0;0:00.87
4;500;30;1.0;0.0;0.0;0:00.90
4;510;30;1.0;0.0;0.0;0:00.93
4;520;30;1.0;0.0;0.0;0:00.86
4;530;30;1.0;0.0;0.0;0:00.88
4;540;30;1.0;0.0;0.0;0:00.82
4;550;30;1.0;0.0;0.0;0:00.79
4;560;30;1.0;0.0;0.0;0:00.83
4;570;30;1.0;0.0;0.0;0:00.86
4;580;30;1.0;0.0;0.0;0:00.83
4;590;30;1.0;0.0;0.0;0:00.91
4;600;30;1.0;0.0;0.0;0:00.88
5;10;30;0.0;0.0;0.0;0:00.36
5;20;30;0.0;0.0;0.0;0:00.43
5;30;30;0.0;0.0;0.0;0:00.48
5;40;30;0.0;0.0;0.0;0:00.51
5;50;30;0.0;0.0;0.0;0:00.60
5;60;30;0.0;0.0;0.0;0:00.65
5;70;1110;0.12882882882882882;0.3351613980441866;0.01973853130050706;0:14.71
5;80;2010;0.2935323383084577;0.4554934969164824;0.019924799934029413;0:30.99
5;90;2430;0.4868312757201646;0.49992943134079104;0.019887038707273465;0:39.49
5;100;2100;0.6819047619047619;0.46584761198832686;0.019935760978313663;0:37.70
5;110;1380;0.8289855072463768;0.3766581226280099;0.019890112168704743;0:25.69
5;120;780;0.9115384615384615;0.2841471572815953;0.01997190047373915;0:14.93
5;130;300;0.97;0.17087224588772684;0.019414243556415845;0:05.92
5;140;150;0.9866666666666667;0.11508191810497569;0.018567408772215823;0:03.12
5;150;30;1.0;0.0;0.0;0:00.88
5;160;30;1.0;0.0;0.0;0:00.86
5;170;30;1.0;0.0;0.0;0:00.90
5;180;30;1.0;0.0;0.0;0:00.87
5;190;30;1.0;0.0;0.0;0:00.85
5;200;30;1.0;0.0;0.0;0:00.87
5;210;30;1.0;0.0;0.0;0:00.80
5;220;30;1.0;0.0;0.0;0:00.85
5;230;30;1.0;0.0;0.0;0:00.92
5;240;30;1.0;0.0;0.0;0:00.85
5;250;30;1.0;0.0;0.0;0:00.92
5;260;30;1.0;0.0;0.0;0:00.84
5;270;30;1.0;0.0;0.0;0:00.99
5;280;30;1.0;0.0;0.0;0:00.85
5;290;30;1.0;0.0;0.0;0:00.86
5;300;30;1.0;0.0;0.0;0:00.97
5;310;30;1.0;0.0;0.0;0:00.90
5;320;30;1.0;0.0;0.0;0:00.91
5;330;30;1.0;0.0;0.0;0:00.84
5;340;30;1.0;0.0;0.0;0:00.89
5;350;30;1.0;0.0;0.0;0:00.82
5;360;30;1.0;0.0;0.0;0:00.87
5;370;30;1.0;0.0;0.0;0:00.95
5;380;30;1.0;0.0;0.0;0:00.88
5;390;30;1.0;0.0;0.0;0:00.92
5;400;30;1.0;0.0;0.0;0:00.93
5;410;30;1.0;0.0;0.0;0:00.93
5;420;30;1.0;0.0;0.0;0:00.94
5;430;30;1.0;0.0;0.0;0:00.94
5;440;30;1.0;0.0;0.0;0:00.94
5;450;30;1.0;0.0;0.0;0:00.88
5;460;30;1.0;0.0;0.0;0:00.85
5;470;30;1.0;0.0;0.0;0:00.86
5;480;30;1.0;0.0;0.0;0:00.83
5;490;30;1.0;0.0;0.0;0:00.84
5;500;30;1.0;0.0;0.0;0:00.90
5;510;30;1.0;0.0;0.0;0:00.83
5;520;30;1.0;0.0;0.0;0:00.98
5;530;30;1.0;0.0;0.0;0:00.95
5;540;30;1.0;0.0;0.0;0:00.91
5;550;30;1.0;0.0;0.0;0:00.90
5;560;30;1.0;0.0;0.0;0:00.81
5;570;30;1.0;0.0;0.0;0:00.83
5;580;30;1.0;0.0;0.0;0:00.83
5;590;30;1.0;0.0;0.0;0:00.92
5;600;30;1.0;0.0;0.0;0:00.86
6;10;30;0.0;0.0;0.0;0:00.37
6;20;30;0.0;0.0;0.0;0:00.41
6;30;30;0.0;0.0;0.0;0:00.49
6;40;30;0.0;0.0;0.0;0:00.52
6;50;30;0.0;0.0;0.0;0:00.56
6;60;390;0.041025641025641026;0.19860431876822987;0.01977232794685796;0:04.60
6;70;1080;0.12222222222222222;0.32769403362364763;0.01956555536888007;0:14.94
6;80;1980;0.2868686868686869;0.4524139877373904;0.0199396354816167;0:27.64
6;90;2430;0.49835390946502056;0.5001002022435204;0.019893831921154764;0:45.95
6;100;2010;0.7054726368159204;0.45594344013790883;0.01994448194646051;0:33.63
6;110;1410;0.8241134751773049;0.3808586744588532;0.01989645071273906;0:29.74
6;120;840;0.9047619047619048;0.2937184084013004;0.019891456122654968;0:15.46
6;130;30;1.0;0.0;0.0;0:00.82
6;140;300;0.9733333333333334;0.16137646493112826;0.0183353474297101;0:05.95
6;150;30;1.0;0.0;0.0;0:00.94
6;160;30;1.0;0.0;0.0;0:00.93
6;170;30;1.0;0.0;0.0;0:00.89
6;180;30;1.0;0.0;0.0;0:00.88
6;190;30;1.0;0.0;0.0;0:01.02
6;200;30;1.0;0.0;0.0;0:00.86
6;210;30;1.0;0.0;0.0;0:00.89
6;220;30;1.0;0.0;0.0;0:00.82
6;230;30;1.0;0.0;0.0;0:01.02
6;240;30;1.0;0.0;0.0;0:00.83
6;250;30;1.0;0.0;0.0;0:00.87
6;260;30;1.0;0.0;0.0;0:00.94
6;270;30;1.0;0.0;0.0;0:00.92
6;280;30;1.0;0.0;0.0;0:00.87
6;290;30;1.0;0.0;0.0;0:00.90
6;300;30;1.0;0.0;0.0;0:00.87
6;310;30;1.0;0.0;0.0;0:00.85
6;320;30;1.0;0.0;0.0;0:00.88
6;330;30;1.0;0.0;0.0;0:00.83
6;340;30;1.0;0.0;0.0;0:00.85
6;350;30;1.0;0.0;0.0;0:00.83
6;360;30;1.0;0.0;0.0;0:00.91
6;370;30;1.0;0.0;0.0;0:00.85
6;380;30;1.0;0.0;0.0;0:00.83
6;390;30;1.0;0.0;0.0;0:00.88
6;400;30;1.0;0.0;0.0;0:00.83
6;410;30;1.0;0.0;0.0;0:00.82
6;420;30;1.0;0.0;0.0;0:00.84
6;430;30;1.0;0.0;0.0;0:00.88
6;440;30;1.0;0.0;0.0;0:00.88
6;450;30;1.0;0.0;0.0;0:00.86
6;460;30;1.0;0.0;0.0;0:00.84
6;470;30;1.0;0.0;0.0;0:00.91
6;480;30;1.0;0.0;0.0;0:00.86
6;490;30;1.0;0.0;0.0;0:00.86
6;500;30;1.0;0.0;0.0;0:00.92
6;510;30;1.0;0.0;0.0;0:00.87
6;520;30;1.0;0.0;0.0;0:00.84
6;530;30;1.0;0.0;0.0;0:00.95
6;540;30;1.0;0.0;0.0;0:00.90
6;550;30;1.0;0.0;0.0;0:00.86
6;560;30;1.0;0.0;0.0;0:00.86
6;570;30;1.0;0.0;0.0;0:00.85
6;580;30;1.0;0.0;0.0;0:00.85
6;590;30;1.0;0.0;0.0;0:00.89
6;600;30;1.0;0.0;0.0;0:00.94
7;10;30;0.0;0.0;0.0;0:00.39
7;20;30;0.0;0.0;0.0;0:00.41
7;30;30;0.0;0.0;0.0;0:00.47
7;40;30;0.0;0.0;0.0;0:00.53
7;50;30;0.0;0.0;0.0;0:00.57
7;60;420;0.04285714285714286;0.202776499868053;0.01944900398790337;0:05.33
7;70;1050;0.12095238095238095;0.3262273117496581;0.01975491379764514;0:14.54
7;80;2010;0.29402985074626864;0.45571879576206736;0.01993465525458621;0:30.55
7;90;2430;0.5008230452674897;0.5001022348792213;0.01989391277877652;0:40.05
7;100;2010;0.7034825870646766;0.4568354922113928;0.01998350326995959;0:35.62
7;110;1380;0.8297101449275363;0.3760235092649407;0.01985660026436259;0:25.39
7;120;720;0.9194444444444444;0.27234054240972777;0.019926261567617565;0:13.91
7;130;450;0.9533333333333334;0.21115864480040133;0.019562436646605157;0:09.07
7;140;30;1.0;0.0;0.0;0:00.84
7;150;30;1.0;0.0;0.0;0:00.91
7;160;30;1.0;0.0;0.0;0:00.85
7;170;30;1.0;0.0;0.0;0:00.84
7;180;30;1.0;0.0;0.0;0:00.91
7;190;30;1.0;0.0;0.0;0:00.82
7;200;30;1.0;0.0;0.0;0:00.84
7;210;30;1.0;0.0;0.0;0:00.90
7;220;30;1.0;0.0;0.0;0:01.00
7;230;30;1.0;0.0;0.0;0:00.84
7;240;30;1.0;0.0;0.0;0:00.89
7;250;30;1.0;0.0;0.0;0:00.84
7;260;30;1.0;0.0;0.0;0:00.82
7;270;30;1.0;0.0;0.0;0:00.86
7;280;30;1.0;0.0;0.0;0:00.93
7;290;30;1.0;0.0;0.0;0:00.86
7;300;30;1.0;0.0;0.0;0:00.86
7;310;30;1.0;0.0;0.0;0:01.01
7;320;30;1.0;0.0;0.0;0:00.85
7;330;30;1.0;0.0;0.0;0:00.82
7;340;30;1.0;0.0;0.0;0:00.91
7;350;30;1.0;0.0;0.0;0:00.81
7;360;30;1.0;0.0;0.0;0:00.85
7;370;30;1.0;0.0;0.0;0:00.87
7;380;30;1.0;0.0;0.0;0:00.82
7;390;30;1.0;0.0;0.0;0:00.97
7;400;30;1.0;0.0;0.0;0:00.87
7;410;30;1.0;0.0;0.0;0:00.87
7;420;30;1.0;0.0;0.0;0:00.84
7;430;30;1.0;0.0;0.0;0:00.87
7;440;30;1.0;0.0;0.0;0:00.88
7;450;30;1.0;0.0;0.0;0:00.85
7;460;30;1.0;0.0;0.0;0:00.81
7;470;30;1.0;0.0;0.0;0:00.84
7;480;30;1.0;0.0;0.0;0:00.87
7;490;30;1.0;0.0;0.0;0:00.81
7;500;30;1.0;0.0;0.0;0:00.93
7;510;30;1.0;0.0;0.0;0:00.85
7;520;30;1.0;0.0;0.0;0:00.86
7;530;30;1.0;0.0;0.0;0:00.96
7;540;30;1.0;0.0;0.0;0:00.82
7;550;30;1.0;0.0;0.0;0:00.89
7;560;30;1.0;0.0;0.0;0:00.87
7;570;30;1.0;0.0;0.0;0:00.82
7;580;30;1.0;0.0;0.0;0:00.90
7;590;30;1.0;0.0;0.0;0:00.86
7;600;30;1.0;0.0;0.0;0:00.87
8;10;30;0.0;0.0;0.0;0:00.36
8;20;30;0.0;0.0;0.0;0:00.41
8;30;30;0.0;0.0;0.0;0:00.46
8;40;30;0.0;0.0;0.0;0:00.51
8;50;30;0.0;0.0;0.0;0:00.56
8;60;450;0.04666666666666667;0.21115864480040142;0.019562436646605164;0:05.65
8;70;1170;0.13846153846153847;0.345531453358806;0.01981949725019433;0:14.49
8;80;1980;0.28535353535353536;0.45169673525424037;0.019908023388600253;0:28.21
8;90;2430;0.5127572016460905;0.4999401062311684;0.01988746335112282;0:41.39
8;100;2130;0.6755868544600939;0.46826509717917886;0.01989743283954838;0:36.12
8;110;1320;0.8416666666666667;0.365191624933274;0.01971880700426633;0:24.50
8;120;810;0.9123456790123456;0.2829662395397268;0.019515983090836696;0:15.17
8;130;390;0.9615384615384616;0.1925547157779344;0.019170051344746378;0:07.72
8;140;240;0.975;0.1564512302530687;0.019894188538233798;0:04.86
8;150;30;1.0;0.0;0.0;0:00.92
8;160;30;1.0;0.0;0.0;0:00.92
8;170;30;1.0;0.0;0.0;0:00.83
8;180;30;1.0;0.0;0.0;0:00.85
8;190;30;1.0;0.0;0.0;0:00.89
8;200;30;1.0;0.0;0.0;0:00.90
8;210;30;1.0;0.0;0.0;0:00.85
8;220;30;1.0;0.0;0.0;0:00.88
8;230;30;1.0;0.0;0.0;0:00.89
8;240;30;1.0;0.0;0.0;0:00.86
8;250;30;1.0;0.0;0.0;0:00.89
8;260;30;1.0;0.0;0.0;0:00.84
8;270;30;1.0;0.0;0.0;0:00.90
8;280;30;1.0;0.0;0.0;0:00.90
8;290;30;1.0;0.0;0.0;0:00.94
8;300;30;1.0;0.0;0.0;0:00.88
8;310;30;1.0;0.0;0.0;0:00.82
8;320;30;1.0;0.0;0.0;0:00.90
8;330;30;1.0;0.0;0.0;0:00.79
8;340;30;1.0;0.0;0.0;0:00.86
8;350;30;1.0;0.0;0.0;0:00.86
8;360;30;1.0;0.0;0.0;0:00.85
8;370;30;1.0;0.0;0.0;0:00.88
8;380;30;1.0;0.0;0.0;0:00.88
8;390;30;1.0;0.0;0.0;0:00.88
8;400;30;1.0;0.0;0.0;0:00.88
8;410;30;1.0;0.0;0.0;0:00.86
8;420;30;1.0;0.0;0.0;0:00.91
8;430;30;1.0;0.0;0.0;0:00.85
8;440;30;1.0;0.0;0.0;0:00.89
8;450;30;1.0;0.0;0.0;0:00.96
8;460;30;1.0;0.0;0.0;0:00.98
8;470;30;1.0;0.0;0.0;0:00.81
8;480;30;1.0;0.0;0.0;0:00.84
8;490;30;1.0;0.0;0.0;0:00.83
8;500;30;1.0;0.0;0.0;0:00.84
8;510;30;1.0;0.0;0.0;0:00.89
8;520;30;1.0;0.0;0.0;0:00.86
8;530;30;1.0;0.0;0.0;0:00.90
8;540;30;1.0;0.0;0.0;0:00.83
8;550;30;1.0;0.0;0.0;0:00.89
8;560;30;1.0;0.0;0.0;0:00.84
8;570;30;1.0;0.0;0.0;0:00.91
8;580;30;1.0;0.0;0.0;0:00.88
8;590;30;1.0;0.0;0.0;0:00.88
8;600;30;1.0;0.0;0.0;0:00.84
9;10;30;0.0;0.0;0.0;0:00.37
9;20;30;0.0;0.0;0.0;0:00.42
9;30;30;0.0;0.0;0.0;0:00.48
9;40;30;0.0;0.0;0.0;0:00.52
9;50;30;0.0;0.0;0.0;0:00.56
9;60;510;0.054901960784313725;0.22801244708914897;0.019836062390828815;0:06.27
9;70;1110;0.13243243243243244;0.339113085548598;0.01997125651275052;0:13.91
9;80;1980;0.28383838383838383;0.45097324897377083;0.019876136548008384;0:31.03
9;90;2430;0.48806584362139915;0.49996043872515694;0.019888272171467485;0:40.59
9;100;2100;0.6842857142857143;0.4649104216183084;0.019895654293794838;0:37.73
9;110;1380;0.8311594202898551;0.37474685187888795;0.01978918406626649;0:26.15
9;120;660;0.9272727272727272;0.2598852639015103;0.019863516747698408;0:12.35
9;130;30;1.0;0.0;0.0;0:00.84
9;140;180;0.9833333333333333;0.12837619299299383;0.018881763416668893;0:04.07
9;150;30;1.0;0.0;0.0;0:00.92
9;160;30;1.0;0.0;0.0;0:00.82
9;170;30;1.0;0.0;0.0;0:00.83
9;180;30;1.0;0.0;0.0;0:00.91
9;190;30;1.0;0.0;0.0;0:00.90
9;200;30;1.0;0.0;0.0;0:00.91
9;210;30;1.0;0.0;0.0;0:00.95
9;220;30;1.0;0.0;0.0;0:00.86
9;230;30;1.0;0.0;0.0;0:00.82
9;240;30;1.0;0.0;0.0;0:00.83
9;250;30;1.0;0.0;0.0;0:00.85
9;260;30;1.0;0.0;0.0;0:00.86
9;270;30;1.0;0.0;0.0;0:00.83
9;280;30;1.0;0.0;0.0;0:00.89
9;290;30;1.0;0.0;0.0;0:00.90
9;300;30;1.0;0.0;0.0;0:00.89
9;310;30;1.0;0.0;0.0;0:00.86
9;320;30;1.0;0.0;0.0;0:00.87
9;330;30;1.0;0.0;0.0;0:00.89
9;340;30;1.0;0.0;0.0;0:00.95
9;350;30;1.0;0.0;0.0;0:00.86
9;360;30;1.0;0.0;0.0;0:00.82
9;370;30;1.0;0.0;0.0;0:00.99
9;380;30;1.0;0.0;0.0;0:00.90
9;390;30;1.0;0.0;0.0;0:00.88
9;400;30;1.0;0.0;0.0;0:00.90
9;410;30;1.0;0.0;0.0;0:00.81
9;420;30;1.0;0.0;0.0;0:00.91
9;430;30;1.0;0.0;0.0;0:00.90
9;440;30;1.0;0.0;0.0;0:00.92
9;450;30;1.0;0.0;0.0;0:00.84
9;460;30;1.0;0.0;0.0;0:00.92
9;470;30;1.0;0.0;0.0;0:00.89
9;480;30;1.0;0.0;0.0;0:00.85
9;490;30;1.0;0.0;0.0;0:00.88
9;500;30;1.0;0.0;0.0;0:00.86
9;510;30;1.0;0.0;0.0;0:00.91
9;520;30;1.0;0.0;0.0;0:00.85
9;530;30;1.0;0.0;0.0;0:00.89
9;540;30;1.0;0.0;0.0;0:00.83
9;550;30;1.0;0.0;0.0;0:00.90
9;560;30;1.0;0.0;0.0;0:00.84
9;570;30;1.0;0.0;0.0;0:00.93
9;580;30;1.0;0.0;0.0;0:00.84
9;590;30;1.0;0.0;0.0;0:00.81
9;600;30;1.0;0.0;0.0;0:00.85
10;10;30;0.0;0.0;0.0;0:00.36
10;20;30;0.0;0.0;0.0;0:00.42
10;30;30;0.0;0.0;0.0;0:00.46
10;40;30;0.0;0.0;0.0;0:00.54
10;50;30;0.0;0.0;0.0;0:00.56
10;60;480;0.05;0.2181723285087527;0.01956707363279188;0:05.89
10;70;1080;0.12314814814814815;0.3287594232626089;0.01962916635300457;0:13.71
10;80;1980;0.2873737373737374;0.45265169173939285;0.019950112017004463;0:28.14
10;90;2430;0.5012345679012346;0.5001013879486832;0.019893879088140724;0:37.37
10;100;2100;0.6804761904761905;0.4664031853505684;0.019959536516645376;0:38.26
10;110;1380;0.8282608695652174;0.37729027578548724;0.01992349415744906;0:25.39
10;120;840;0.905952380952381;0.29206885667325855;0.019779743731187953;0:16.58
10;130;30;1.0;0.0;0.0;0:00.90
10;140;30;1.0;0.0;0.0;0:00.84
10;150;30;1.0;0.0;0.0;0:00.85
10;160;30;1.0;0.0;0.0;0:00.85
10;170;30;1.0;0.0;0.0;0:00.86
10;180;30;1.0;0.0;0.0;0:00.81
10;190;30;1.0;0.0;0.0;0:00.84
10;200;30;1.0;0.0;0.0;0:00.89
10;210;30;1.0;0.0;0.0;0:00.85
10;220;30;1.0;0.0;0.0;0:00.80
10;230;30;1.0;0.0;0.0;0:00.84
10;240;30;1.0;0.0;0.0;0:00.85
10;250;30;1.0;0.0;0.0;0:00.96
10;260;30;1.0;0.0;0.0;0:00.84
10;270;30;1.0;0.0;0.0;0:00.84
10;280;30;1.0;0.0;0.0;0:00.86
10;290;30;1.0;0.0;0.0;0:00.83
10;300;30;1.0;0.0;0.0;0:00.81
10;310;30;1.0;0.0;0.0;0:00.83
10;320;30;1.0;0.0;0.0;0:00.86
10;330;30;1.0;0.0;0.0;0:00.84
10;340;30;1.0;0.0;0.0;0:00.84
10;350;30;1.0;0.0;0.0;0:00.82
10;360;30;1.0;0.0;0.0;0:00.87
10;370;30;1.0;0.0;0.0;0:00.88
10;380;30;1.0;0.0;0.0;0:00.87
10;390;30;1.0;0.0;0.0;0:00.84
10;400;30;1.0;0.0;0.0;0:00.90
10;410;30;1.0;0.0;0.0;0:00.82
10;420;30;1.0;0.0;0.0;0:00.85
10;430;30;1.0;0.0;0.0;0:00.85
10;440;30;1.0;0.0;0.0;0:00.89
10;450;30;1.0;0.0;0.0;0:00.92
10;460;30;1.0;0.0;0.0;0:00.86
10;470;30;1.0;0.0;0.0;0:00.84
10;480;30;1.0;0.0;0.0;0:00.87
10;490;30;1.0;0.0;0.0;0:00.87
10;500;30;1.0;0.0;0.0;0:00.81
10;510;30;1.0;0.0;0.0;0:00.86
10;520;30;1.0;0.0;0.0;0:00.88
10;530;30;1.0;0.0;0.0;0:00.84
10;540;30;1.0;0.0;0.0;0:00.94
10;550;30;1.0;0.0;0.0;0:00.81
10;560;30;1.0;0.0;0.0;0:00.88
10;570;30;1.0;0.0;0.0;0:00.84
10;580;30;1.0;0.0;0.0;0:00.82
10;590;30;1.0;0.0;0.0;0:00.85
10;600;30;1.0;0.0;0.0;0:00.88
11;10;30;0.0;0.0;0.0;0:00.37
11;20;30;0.0;0.0;0.0;0:00.41
11;30;30;0.0;0.0;0.0;0:00.48
11;40;30;0.0;0.0;0.0;0:00.53
11;50;30;0.0;0.0;0.0;0:00.57
11;60;450;0.04666666666666667;0.21115864480040142;0.019562436646605164;0:04.93
11;70;1050;0.12;0.3251163903930292;0.01968764120934325;0:14.53
11;80;2070;0.30917874396135264;0.46226667667045707;0.019925518893315668;0:29.24
11;90;2430;0.49794238683127573;0.5000986777613229;0.019893771277722773;0:39.77
11;100;2100;0.679047619047619;0.4669537251568649;0.01998309664597722;0:35.24
11;110;1350;0.8340740740740741;0.37215198975495384;0.019869703361986638;0:23.84
11;120;720;0.9194444444444444;0.27234054240972777;0.019926261567617565;0:13.94
11;130;180;0.9833333333333333;0.12837619299299383;0.018881763416668893;0:03.56
11;140;30;1.0;0.0;0.0;0:00.84
11;150;30;1.0;0.0;0.0;0:00.82
11;160;30;1.0;0.0;0.0;0:00.95
11;170;30;1.0;0.0;0.0;0:00.94
11;180;30;1.0;0.0;0.0;0:00.82
11;190;30;1.0;0.0;0.0;0:00.85
11;200;30;1.0;0.0;0.0;0:00.86
11;210;30;1.0;0.0;0.0;0:00.97
11;220;30;1.0;0.0;0.0;0:00.88
11;230;30;1.0;0.0;0.0;0:00.90
11;240;30;1.0;0.0;0.0;0:00.89
11;250;30;1.0;0.0;0.0;0:00.84
11;260;30;1.0;0.0;0.0;0:00.80
11;270;30;1.0;0.0;0.0;0:00.84
11;280;30;1.0;0.0;0.0;0:00.84
11;290;30;1.0;0.0;0.0;0:00.82
11;300;30;1.0;0.0;0.0;0:00.83
11;310;30;1.0;0.0;0.0;0:00.92
11;320;30;1.0;0.0;0.0;0:00.89
11;330;30;1.0;0.0;0.0;0:00.92
11;340;30;1.0;0.0;0.0;0:00.91
11;350;30;1.0;0.0;0.0;0:00.83
11;360;30;1.0;0.0;0.0;0:00.95
11;370;30;1.0;0.0;0.0;0:00.86
11;380;30;1.0;0.0;0.0;0:00.82
11;390;30;1.0;0.0;0.0;0:00.87
11;400;30;1.0;0.0;0.0;0:00.98
11;410;30;1.0;0.0;0.0;0:00.88
11;420;30;1.0;0.0;0.0;0:00.87
11;430;30;1.0;0.0;0.0;0:00.90
11;440;30;1.0;0.0;0.0;0:00.83
11;450;30;1.0;0.0;0.0;0:00.90
11;460;30;1.0;0.0;0.0;0:00.88
11;470;30;1.0;0.0;0.0;0:00.96
11;480;30;1.0;0.0;0.0;0:00.94
11;490;30;1.0;0.0;0.0;0:00.95
11;500;30;1.0;0.0;0.0;0:00.85
11;510;30;1.0;0.0;0.0;0:00.87
11;520;30;1.0;0.0;0.0;0:00.89
11;530;30;1.0;0.0;0.0;0:00.85
11;540;30;1.0;0.0;0.0;0:00.87
11;550;30;1.0;0.0;0.0;0:00.87
11;560;30;1.0;0.0;0.0;0:00.88
11;570;30;1.0;0.0;0.0;0:00.89
11;580;30;1.0;0.0;0.0;0:00.86
11;590;30;1.0;0.0;0.0;0:00.87
11;600;30;1.0;0.0;0.0;0:00.87
12;10;30;0.0;0.0;0.0;0:00.34
12;20;30;0.0;0.0;0.0;0:00.43
12;30;30;0.0;0.0;0.0;0:00.46
12;40;30;0.0;0.0;0.0;0:00.53
12;50;30;0.0;0.0;0.0;0:00.63
12;60;30;0.0;0.0;0.0;0:00.61
12;70;1080;0.12777777777777777;0.3339968681581462;0.01994187731988407;0:14.85
12;80;2010;0.2900497512437811;0.45389799762427335;0.019855007490432838;0:28.72
12;90;2400;0.47583333333333333;0.49951970818318603;0.019994671131147324;0:40.39
12;100;2070;0.6898550724637681;0.4626645235421502;0.01994266766427114;0:36.25
12;110;1350;0.8333333333333334;0.3728161018675459;0.019905161215335736;0:24.23
12;120;720;0.9222222222222223;0.2680077543468618;0.019609245718659508;0:13.75
12;130;390;0.9641025641025641;0.18627339760858902;0.018544706017146577;0:07.72
12;140;180;0.9833333333333333;0.12837619299299383;0.018881763416668893;0:03.89
12;150;30;1.0;0.0;0.0;0:00.90
12;160;120;0.9916666666666667;0.09128709291752739;0.016500832303549998;0:02.59
12;170;30;1.0;0.0;0.0;0:00.89
12;180;30;1.0;0.0;0.0;0:00.89
12;190;30;1.0;0.0;0.0;0:00.86
12;200;30;1.0;0.0;0.0;0:00.84
12;210;30;1.0;0.0;0.0;0:00.84
12;220;30;1.0;0.0;0.0;0:01.04
12;230;30;1.0;0.0;0.0;0:00.92
12;240;30;1.0;0.0;0.0;0:00.91
12;250;30;1.0;0.0;0.0;0:00.87
12;260;30;1.0;0.0;0.0;0:00.88
12;270;30;1.0;0.0;0.0;0:00.88
12;280;30;1.0;0.0;0.0;0:00.92
12;290;30;1.0;0.0;0.0;0:00.83
12;300;30;1.0;0.0;0.0;0:00.85
12;310;30;1.0;0.0;0.0;0:00.88
12;320;30;1.0;0.0;0.0;0:00.88
12;330;30;1.0;0.0;0.0;0:01.01
12;340;30;1.0;0.0;0.0;0:00.90
12;350;30;1.0;0.0;0.0;0:00.91
12;360;30;1.0;0.0;0.0;0:00.86
12;370;30;1.0;0.0;0.0;0:00.88
12;380;30;1.0;0.0;0.0;0:00.93
12;390;30;1.0;0.0;0.0;0:00.83
12;400;30;1.0;0.0;0.0;0:00.88
12;410;30;1.0;0.0;0.0;0:00.82
12;420;30;1.0;0.0;0.0;0:00.83
12;430;30;1.0;0.0;0.0;0:00.91
12;440;30;1.0;0.0;0.0;0:00.92
12;450;30;1.0;0.0;0.0;0:00.91
12;460;30;1.0;0.0;0.0;0:00.84
12;470;30;1.0;0.0;0.0;0:00.91
12;480;30;1.0;0.0;0.0;0:00.97
12;490;30;1.0;0.0;0.0;0:00.83
12;500;30;1.0;0.0;0.0;0:00.84
12;510;30;1.0;0.0;0.0;0:00.80
12;520;30;1.0;0.0;0.0;0:00.87
12;530;30;1.0;0.0;0.0;0:00.90
12;540;30;1.0;0.0;0.0;0:00.85
12;550;30;1.0;0.0;0.0;0:00.84
12;560;30;1.0;0.0;0.0;0:00.89
12;570;30;1.0;0.0;0.0;0:00.83
12;580;30;1.0;0.0;0.0;0:00.99
12;590;30;1.0;0.0;0.0;0:00.97
12;600;30;1.0;0.0;0.0;0:00.83
13;10;30;0.0;0.0;0.0;0:00.35
13;20;30;0.0;0.0;0.0;0:00.43
13;30;30;0.0;0.0;0.0;0:00.47
13;40;30;0.0;0.0;0.0;0:00.51
13;50;30;0.0;0.0;0.0;0:00.60
13;60;450;0.04666666666666667;0.21115864480040142;0.019562436646605164;0:05.39
13;70;1140;0.1368421052631579;0.343831419862138;0.019980344333137532;0:15.98
13;80;1950;0.28205128205128205;0.4501136022570141;0.019990456347476624;0:31.88
13;90;2430;0.48930041152263376;0.4999883945543167;0.019889384245735855;0:38.70
13;100;2100;0.6847619047619048;0.4647212922211828;0.01988756057739909;0:37.20
13;110;1350;0.8318518518518518;0.3741363867047207;0.019975653027257168;0:27.42
13;120;750;0.92;0.27147424252121943;0.01946025137757769;0:14.30
13;130;30;1.0;0.0;0.0;0:00.89
13;140;30;1.0;0.0;0.0;0:00.83
13;150;120;0.9916666666666667;0.09128709291752739;0.016500832303549998;0:02.62
13;160;30;1.0;0.0;0.0;0:00.83
13;170;30;1.0;0.0;0.0;0:00.87
13;180;30;1.0;0.0;0.0;0:00.88
13;190;30;1.0;0.0;0.0;0:00.83
13;200;30;1.0;0.0;0.0;0:00.88
13;210;30;1.0;0.0;0.0;0:00.85
13;220;30;1.0;0.0;0.0;0:00.85
13;230;30;1.0;0.0;0.0;0:00.88
13;240;30;1.0;0.0;0.0;0:01.00
13;250;30;1.0;0.0;0.0;0:00.86
13;260;30;1.0;0.0;0.0;0:00.88
13;270;30;1.0;0.0;0.0;0:00.94
13;280;30;1.0;0.0;0.0;0:00.92
13;290;30;1.0;0.0;0.0;0:00.84
13;300;30;1.0;0.0;0.0;0:00.88
13;310;30;1.0;0.0;0.0;0:00.85
13;320;30;1.0;0.0;0.0;0:00.87
13;330;30;1.0;0.0;0.0;0:00.89
13;340;30;1.0;0.0;0.0;0:00.88
13;350;30;1.0;0.0;0.0;0:00.87
13;360;30;1.0;0.0;0.0;0:00.88
13;370;30;1.0;0.0;0.0;0:00.92
13;380;30;1.0;0.0;0.0;0:00.86
13;390;30;1.0;0.0;0.0;0:00.92
13;400;30;1.0;0.0;0.0;0:00.88
13;410;30;1.0;0.0;0.0;0:00.91
13;420;30;1.0;0.0;0.0;0:00.88
13;430;30;1.0;0.0;0.0;0:00.88
13;440;30;1.0;0.0;0.0;0:00.83
13;450;30;1.0;0.0;0.0;0:00.92
13;460;30;1.0;0.0;0.0;0:00.80
13;470;30;1.0;0.0;0.0;0:00.85
13;480;30;1.0;0.0;0.0;0:00.93
13;490;30;1.0;0.0;0.0;0:00.86
13;500;30;1.0;0.0;0.0;0:00.88
13;510;30;1.0;0.0;0.0;0:00.89
13;520;30;1.0;0.0;0.0;0:00.90
13;530;30;1.0;0.0;0.0;0:00.87
13;540;30;1.0;0.0;0.0;0:00.87
13;550;30;1.0;0.0;0.0;0:00.93
13;560;30;1.0;0.0;0.0;0:00.84
13;570;30;1.0;0.0;0.0;0:00.92
13;580;30;1.0;0.0;0.0;0:00.87
13;590;30;1.0;0.0;0.0;0:00.86
13;600;30;1.0;0.0;0.0;0:00.81
14;10;30;0.0;0.0;0.0;0:00.36
14;20;30;0.0;0.0;0.0;0:00.41
14;30;30;0.0;0.0;0.0;0:00.46
14;40;30;0.0;0.0;0.0;0:00.51
14;50;30;0.0;0.0;0.0;0:00.56
14;60;510;0.052941176470588235;0.22413592316633008;0.01949882215954218;0:06.25
14;70;1140;0.1368421052631579;0.343831419862138;0.019980344333137532;0:15.91
14;80;2040;0.3034313725490196;0.4598526217585193;0.019966849679194848;0:31.33
14;90;2430;0.4925925925925926;0.500048028432943;0.01989175646304926;0:40.85
14;100;2070;0.6879227053140097;0.46345314708416707;0.019976660452588373;0:40.38
14;110;1470;0.817687074829932;0.3862336119918639;0.019760478795349333;0:26.96
14;120;810;0.908641975308642;0.28829558845037834;0.01988354454761904;0:15.11
14;130;30;1.0;0.0;0.0;0:00.84
14;140;30;1.0;0.0;0.0;0:00.90
14;150;30;1.0;0.0;0.0;0:00.83
14;160;30;1.0;0.0;0.0;0:00.86
14;170;30;1.0;0.0;0.0;0:00.93
14;180;30;1.0;0.0;0.0;0:00.87
14;190;30;1.0;0.0;0.0;0:00.96
14;200;30;1.0;0.0;0.0;0:00.88
14;210;30;1.0;0.0;0.0;0:00.88
14;220;30;1.0;0.0;0.0;0:00.85
14;230;30;1.0;0.0;0.0;0:00.92
14;240;30;1.0;0.0;0.0;0:00.84
14;250;30;1.0;0.0;0.0;0:00.87
14;260;30;1.0;0.0;0.0;0:00.85
14;270;30;1.0;0.0;0.0;0:00.83
14;280;30;1.0;0.0;0.0;0:00.90
14;290;30;1.0;0.0;0.0;0:00.91
14;300;30;1.0;0.0;0.0;0:00.99
14;310;30;1.0;0.0;0.0;0:00.87
14;320;30;1.0;0.0;0.0;0:00.90
14;330;30;1.0;0.0;0.0;0:00.88
14;340;30;1.0;0.0;0.0;0:00.82
14;350;30;1.0;0.0;0.0;0:00.96
14;360;30;1.0;0.0;0.0;0:00.85
14;370;30;1.0;0.0;0.0;0:00.91
14;380;30;1.0;0.0;0.0;0:01.00
14;390;30;1.0;0.0;0.0;0:00.88
14;400;30;1.0;0.0;0.0;0:00.85
14;410;30;1.0;0.0;0.0;0:00.82
14;420;30;1.0;0.0;0.0;0:00.84
14;430;30;1.0;0.0;0.0;0:00.92
14;440;30;1.0;0.0;0.0;0:00.83
14;450;30;1.0;0.0;0.0;0:00.89
14;460;30;1.0;0.0;0.0;0:00.85
14;470;30;1.0;0.0;0.0;0:00.88
14;480;30;1.0;0.0;0.0;0:00.92
14;490;30;1.0;0.0;0.0;0:00.93
14;500;30;1.0;0.0;0.0;0:00.87
14;510;30;1.0;0.0;0.0;0:00.83
14;520;30;1.0;0.0;0.0;0:00.83
14;530;30;1.0;0.0;0.0;0:00.81
14;540;30;1.0;0.0;0.0;0:00.83
14;550;30;1.0;0.0;0.0;0:00.93
14;560;30;1.0;0.0;0.0;0:00.85
14;570;30;1.0;0.0;0.0;0:00.89
14;580;30;1.0;0.0;0.0;0:00.92
14;590;30;1.0;0.0;0.0;0:00.90
14;600;30;1.0;0.0;0.0;0:00.94
15;10;30;0.0;0.0;0.0;0:00.35
15;20;30;0.0;0.0;0.0;0:00.42
15;30;30;0.0;0.0;0.0;0:00.46
15;40;30;0.0;0.0;0.0;0:00.53
15;50;30;0.0;0.0;0.0;0:00.61
15;60;390;0.038461538461538464;0.1925547157779345;0.019170051344746388;0:04.96
15;70;1260;0.1523809523809524;0.359532457340834;0.01987095011558491;0:17.38
15;80;1980;0.2863636363636364;0.4521755943840323;0.0199291285638466;0:35.28
15;90;2430;0.494238683127572;0.5000697117165573;0.01989261901738894;0:40.15
15;100;2100;0.6842857142857143;0.4649104216183084;0.019895654293794838;0:37.64
15;110;1470;0.8149659863945579;0.3884573076282324;0.019874247481205438;0:26.89
15;120;690;0.9246376811594202;0.26416656854446974;0.019745356175875247;0:15.04
15;130;30;1.0;0.0;0.0;0:00.85
15;140;180;0.9833333333333333;0.12837619299299383;0.018881763416668893;0:03.79
15;150;30;1.0;0.0;0.0;0:00.91
15;160;30;1.0;0.0;0.0;0:00.83
15;170;30;1.0;0.0;0.0;0:00.91
15;180;30;1.0;0.0;0.0;0:00.84
15;190;30;1.0;0.0;0.0;0:00.85
15;200;30;1.0;0.0;0.0;0:00.85
15;210;30;1.0;0.0;0.0;0:00.85
15;220;30;1.0;0.0;0.0;0:00.94
15;230;30;1.0;0.0;0.0;0:00.90
15;240;30;1.0;0.0;0.0;0:00.84
15;250;30;1.0;0.0;0.0;0:00.94
15;260;30;1.0;0.0;0.0;0:00.87
15;270;30;1.0;0.0;0.0;0:00.92
15;280;30;1.0;0.0;0.0;0:00.99
15;290;30;1.0;0.0;0.0;0:00.84
15;300;30;1.0;0.0;0.0;0:00.86
15;310;30;1.0;0.0;0.0;0:00.90
15;320;30;1.0;0.0;0.0;0:00.85
15;330;30;1.0;0.0;0.0;0:00.88
15;340;30;1.0;0.0;0.0;0:00.89
15;350;30;1.0;0.0;0.0;0:00.83
15;360;30;1.0;0.0;0.0;0:00.85
15;370;30;1.0;0.0;0.0;0:00.87
15;380;30;1.0;0.0;0.0;0:00.94
15;390;30;1.0;0.0;0.0;0:00.92
15;400;30;1.0;0.0;0.0;0:00.89
15;410;30;1.0;0.0;0.0;0:00.90
15;420;30;1.0;0.0;0.0;0:01.02
15;430;30;1.0;0.0;0.0;0:00.85
15;440;30;1.0;0.0;0.0;0:00.86
15;450;30;1.0;0.0;0.0;0:00.83
15;460;30;1.0;0.0;0.0;0:00.87
15;470;30;1.0;0.0;0.0;0:00.83
15;480;30;1.0;0.0;0.0;0:00.86
15;490;30;1.0;0.0;0.0;0:00.85
15;500;30;1.0;0.0;0.0;0:00.81
15;510;30;1.0;0.0;0.0;0:00.80
15;520;30;1.0;0.0;0.0;0:00.86
15;530;30;1.0;0.0;0.0;0:00.83
15;540;30;1.0;0.0;0.0;0:00.85
15;550;30;1.0;0.0;0.0;0:00.84
15;560;30;1.0;0.0;0.0;0:00.89
15;570;30;1.0;0.0;0.0;0:00.83
15;580;30;1.0;0.0;0.0;0:00.85
15;590;30;1.0;0.0;0.0;0:00.81
15;600;30;1.0;0.0;0.0;0:00.87
16;10;30;0.0;0.0;0.0;0:00.37
16;20;30;0.0;0.0;0.0;0:00.44
16;30;30;0.0;0.0;0.0;0:00.47
16;40;30;0.0;0.0;0.0;0:00.57
16;50;30;0.0;0.0;0.0;0:00.60
16;60;420;0.04523809523809524;0.2080737671565114;0.01995708343835871;0:04.72
16;70;1110;0.12972972972972974;0.33615729995736343;0.01979718256882193;0:16.88
16;80;1950;0.2794871794871795;0.4488623594624179;0.019934886121782385;0:29.92
16;90;2430;0.49958847736625517;0.5001027430368558;0.01989393299313061;0:40.72
16;100;2040;0.6990196078431372;0.4587966643440055;0.019920999896099995;0:35.65
16;110;1470;0.8170068027210884;0.38679253029518684;0.019789074165970207;0:25.94
16;120;630;0.9349206349206349;0.2468618494329946;0.01931382405012614;0:11.93
16;130;30;1.0;0.0;0.0;0:00.92
16;140;30;1.0;0.0;0.0;0:00.90
16;150;30;1.0;0.0;0.0;0:00.84
16;160;30;1.0;0.0;0.0;0:00.92
16;170;30;1.0;0.0;0.0;0:00.88
16;180;30;1.0;0.0;0.0;0:00.89
16;190;30;1.0;0.0;0.0;0:00.82
16;200;30;1.0;0.0;0.0;0:00.87
16;210;30;1.0;0.0;0.0;0:00.97
16;220;30;1.0;0.0;0.0;0:00.86
16;230;30;1.0;0.0;0.0;0:00.87
16;240;30;1.0;0.0;0.0;0:00.87
16;250;30;1.0;0.0;0.0;0:00.91
16;260;30;1.0;0.0;0.0;0:00.85
16;270;30;1.0;0.0;0.0;0:00.80
16;280;30;1.0;0.0;0.0;0:00.86
16;290;30;1.0;0.0;0.0;0:00.89
16;300;30;1.0;0.0;0.0;0:00.89
16;310;30;1.0;0.0;0.0;0:00.88
16;320;30;1.0;0.0;0.0;0:00.88
16;330;30;1.0;0.0;0.0;0:00.84
16;340;30;1.0;0.0;0.0;0:00.85
16;350;30;1.0;0.0;0.0;0:00.81
16;360;30;1.0;0.0;0.0;0:00.92
16;370;30;1.0;0.0;0.0;0:00.94
16;380;30;1.0;0.0;0.0;0:00.84
16;390;30;1.0;0.0;0.0;0:00.92
16;400;30;1.0;0.0;0.0;0:00.90
16;410;30;1.0;0.0;0.0;0:00.81
16;420;30;1.0;0.0;0.0;0:00.99
16;430;30;1.0;0.0;0.0;0:00.86
16;440;30;1.0;0.0;0.0;0:00.96
16;450;30;1.0;0.0;0.0;0:00.86
16;460;30;1.0;0.0;0.0;0:00.82
16;470;30;1.0;0.0;0.0;0:00.83
16;480;30;1.0;0.0;0.0;0:00.87
16;490;30;1.0;0.0;0.0;0:00.89
16;500;30;1.0;0.0;0.0;0:00.84
16;510;30;1.0;0.0;0.0;0:00.88
16;520;30;1.0;0.0;0.0;0:00.89
16;530;30;1.0;0.0;0.0;0:00.83
16;540;30;1.0;0.0;0.0;0:00.84
16;550;30;1.0;0.0;0.0;0:00.89
16;560;30;1.0;0.0;0.0;0:00.94
16;570;30;1.0;0.0;0.0;0:00.95
16;580;30;1.0;0.0;0.0;0:00.84
16;590;30;1.0;0.0;0.0;0:00.91
16;600;30;1.0;0.0;0.0;0:00.85
17;10;30;0.0;0.0;0.0;0:00.41
17;20;30;0.0;0.0;0.0;0:00.52
17;30;30;0.0;0.0;0.0;0:00.61
17;40;30;0.0;0.0;0.0;0:00.70
17;50;30;0.0;0.0;0.0;0:00.76
17;60;30;0.0;0.0;0.0;0:00.83
17;70;30;0.0;0.0;0.0;0:01.00
17;80;30;0.0;0.0;0.0;0:01.09
17;90;30;0.0;0.0;0.0;0:01.10
17;100;1050;0.12285714285714286;0.3284295888390743;0.019888274164766493;0:30.82
17;110;1800;0.24833333333333332;0.4321662280809535;0.01997813538170529;0:56.99
17;120;2310;0.39956709956709957;0.4899154376346261;0.01998899402024774;1:19.51
17;130;2400;0.5545833333333333;0.4971153064435998;0.019898428237698655;1:33.91
17;140;2070;0.6898550724637681;0.4626645235421502;0.01994266766427114;1:32.75
17;150;1530;0.803921568627451;0.39715837489224276;0.01991636248130801;1:02.16
17;160;960;0.890625;0.3122718145004234;0.019778516933214967;0:40.66
17;170;630;0.9317460317460318;0.25238159516657005;0.019745674488517377;0:27.55
17;180;390;0.958974358974359;0.19860431876822987;0.01977232794685796;0:17.33
17;190;150;0.9866666666666667;0.11508191810497569;0.018567408772215823;0:07.20
17;200;30;1.0;0.0;0.0;0:01.47
17;210;30;1.0;0.0;0.0;0:01.60
17;220;30;1.0;0.0;0.0;0:01.70
17;230;30;1.0;0.0;0.0;0:01.65
17;240;30;1.0;0.0;0.0;0:01.54
17;250;30;1.0;0.0;0.0;0:01.53
17;260;30;1.0;0.0;0.0;0:01.79
17;270;30;1.0;0.0;0.0;0:01.64
17;280;30;1.0;0.0;0.0;0:01.57
17;290;30;1.0;0.0;0.0;0:01.60
17;300;30;1.0;0.0;0.0;0:01.55
17;310;30;1.0;0.0;0.0;0:01.57
17;320;30;1.0;0.0;0.0;0:01.71
17;330;30;1.0;0.0;0.0;0:01.69
17;340;30;1.0;0.0;0.0;0:01.72
17;350;30;1.0;0.0;0.0;0:01.70
17;360;30;1.0;0.0;0.0;0:01.62
17;370;30;1.0;0.0;0.0;0:01.49
17;380;30;1.0;0.0;0.0;0:01.64
17;390;30;1.0;0.0;0.0;0:01.53
17;400;30;1.0;0.0;0.0;0:01.80
17;410;30;1.0;0.0;0.0;0:01.61
17;420;30;1.0;0.0;0.0;0:01.79
17;430;30;1.0;0.0;0.0;0:01.66
17;440;30;1.0;0.0;0.0;0:01.54
17;450;30;1.0;0.0;0.0;0:01.71
17;460;30;1.0;0.0;0.0;0:01.59
17;470;30;1.0;0.0;0.0;0:01.57
17;480;30;1.0;0.0;0.0;0:01.68
17;490;30;1.0;0.0;0.0;0:01.66
17;500;30;1.0;0.0;0.0;0:01.51
17;510;30;1.0;0.0;0.0;0:01.86
17;520;30;1.0;0.0;0.0;0:01.96
17;530;30;1.0;0.0;0.0;0:01.59
17;540;30;1.0;0.0;0.0;0:01.53
17;550;30;1.0;0.0;0.0;0:01.62
17;560;30;1.0;0.0;0.0;0:01.63
17;570;30;1.0;0.0;0.0;0:01.62
17;580;30;1.0;0.0;0.0;0:01.67
17;590;30;1.0;0.0;0.0;0:01.79
17;600;30;1.0;0.0;0.0;0:01.69
18;10;30;0.0;0.0;0.0;0:00.43
18;20;30;0.0;0.0;0.0;0:00.54
18;30;30;0.0;0.0;0.0;0:00.66
18;40;30;0.0;0.0;0.0;0:00.72
18;50;30;0.0;0.0;0.0;0:00.89
18;60;30;0.0;0.0;0.0;0:00.99
18;70;30;0.0;0.0;0.0;0:01.02
18;80;30;0.0;0.0;0.0;0:01.21
18;90;180;0.016666666666666666;0.12837619299299347;0.01888176341666884;0:06.58
18;100;690;0.07391304347826087;0.2618191211970504;0.019569894215513275;0:26.35
18;110;1290;0.15658914728682172;0.36355390896411666;0.019857750045876785;0:53.75
18;120;1710;0.22631578947368422;0.41856828439712257;0.01985290385628782;1:11.38
18;130;2340;0.4042735042735043;0.4908557869405308;0.019898432618249508;1:49.82
18;140;2370;0.5670886075949367;0.4955832408210504;0.019962387103496432;1:54.96
18;150;2070;0.6879227053140097;0.46345314708416707;0.019976660452588373;1:41.40
18;160;1590;0.7924528301886793;0.40567825713061856;0.019955480563069103;1:22.82
18;170;1080;0.8740740740740741;0.33191956392714317;0.01981784817446369;0:58.66
18;180;600;0.935;0.24673155608463715;0.019782244904462926;0:32.45
18;190;450;0.9533333333333334;0.21115864480040133;0.019562436646605157;0:24.74
18;200;30;1.0;0.0;0.0;0:01.97
18;210;30;1.0;0.0;0.0;0:02.15
18;220;30;1.0;0.0;0.0;0:01.92
18;230;30;1.0;0.0;0.0;0:01.91
18;240;30;1.0;0.0;0.0;0:01.97
18;250;30;1.0;0.0;0.0;0:01.83
18;260;30;1.0;0.0;0.0;0:02.04
18;270;30;1.0;0.0;0.0;0:02.05
18;280;30;1.0;0.0;0.0;0:02.11
18;290;30;1.0;0.0;0.0;0:01.96
18;300;30;1.0;0.0;0.0;0:01.97
18;310;30;1.0;0.0;0.0;0:02.42
18;320;30;1.0;0.0;0.0;0:01.96
18;330;30;1.0;0.0;0.0;0:01.94
18;340;30;1.0;0.0;0.0;0:01.90
18;350;30;1.0;0.0;0.0;0:01.87
18;360;30;1.0;0.0;0.0;0:01.77
18;370;30;1.0;0.0;0.0;0:02.11
18;380;30;1.0;0.0;0.0;0:01.98
18;390;30;1.0;0.0;0.0;0:02.02
18;400;30;1.0;0.0;0.0;0:02.03
18;410;30;1.0;0.0;0.0;0:02.04
18;420;30;1.0;0.0;0.0;0:01.91
18;430;30;1.0;0.0;0.0;0:02.30
18;440;30;1.0;0.0;0.0;0:01.90
18;450;30;1.0;0.0;0.0;0:02.05
18;460;30;1.0;0.0;0.0;0:02.02
18;470;30;1.0;0.0;0.0;0:02.03
18;480;30;1.0;0.0;0.0;0:01.79
18;490;30;1.0;0.0;0.0;0:01.96
18;500;30;1.0;0.0;0.0;0:01.87
18;510;30;1.0;0.0;0.0;0:01.98
18;520;30;1.0;0.0;0.0;0:01.90
18;530;30;1.0;0.0;0.0;0:02.09
18;540;30;1.0;0.0;0.0;0:01.97
18;550;30;1.0;0.0;0.0;0:02.00
18;560;30;1.0;0.0;0.0;0:01.84
18;570;30;1.0;0.0;0.0;0:01.89
18;580;30;1.0;0.0;0.0;0:02.15
18;590;30;1.0;0.0;0.0;0:01.95
18;600;30;1.0;0.0;0.0;0:02.02
19;10;30;0.0;0.0;0.0;0:00.46
19;20;30;0.0;0.0;0.0;0:00.58
19;30;30;0.0;0.0;0.0;0:00.71
19;40;30;0.0;0.0;0.0;0:00.81
19;50;30;0.0;0.0;0.0;0:00.97
19;60;30;0.0;0.0;0.0;0:01.11
19;70;30;0.0;0.0;0.0;0:01.24
19;80;30;0.0;0.0;0.0;0:01.38
19;90;180;0.016666666666666666;0.12837619299299347;0.01888176341666884;0:07.55
19;100;570;0.06140350877192982;0.2402798499969487;0.019767547308503264;0:25.42
19;110;1230;0.14634146341463414;0.3535919791252071;0.019779980221368863;1:06.90
19;120;1980;0.28484848484848485;0.4514562672795899;0.019897425034240093;1:41.62
19;130;2340;0.41794871794871796;0.49332706399265797;0.01999861385520564;1:59.37
19;140;2370;0.5607594936708861;0.49639929023379437;0.019995258058224014;2:14.55
19;150;1980;0.7141414141414142;0.4519365105884344;0.01991859121561467;1:57.79
19;160;1410;0.826950354609929;0.3784244039053644;0.019769281903579655;1:27.28
19;170;870;0.9057471264367816;0.29234826475135023;0.019453344968221882;0:54.78
19;180;480;0.9479166666666666;0.22242690932762857;0.01994865133665852;0:34.36
19;190;240;0.975;0.1564512302530687;0.019894188538233798;0:17.50
19;200;30;1.0;0.0;0.0;0:02.11
19;210;30;1.0;0.0;0.0;0:02.61
19;220;30;1.0;0.0;0.0;0:02.32
19;230;30;1.0;0.0;0.0;0:02.49
19;240;30;1.0;0.0;0.0;0:02.40
19;250;30;1.0;0.0;0.0;0:02.41
19;260;30;1.0;0.0;0.0;0:02.03
19;270;30;1.0;0.0;0.0;0:02.07
19;280;30;1.0;0.0;0.0;0:02.12
19;290;30;1.0;0.0;0.0;0:02.05
19;300;30;1.0;0.0;0.0;0:02.26
19;310;30;1.0;0.0;0.0;0:02.19
19;320;30;1.0;0.0;0.0;0:02.23
19;330;30;1.0;0.0;0.0;0:02.31
19;340;30;1.0;0.0;0.0;0:02.29
19;350;30;1.0;0.0;0.0;0:02.44
19;360;30;1.0;0.0;0.0;0:02.36
19;370;30;1.0;0.0;0.0;0:02.30
19;380;30;1.0;0.0;0.0;0:02.22
19;390;30;1.0;0.0;0.0;0:02.29
19;400;30;1.0;0.0;0.0;0:02.09
19;410;30;1.0;0.0;0.0;0:02.04
19;420;30;1.0;0.0;0.0;0:02.17
19;430;30;1.0;0.0;0.0;0:02.09
19;440;30;1.0;0.0;0.0;0:02.55
19;450;30;1.0;0.0;0.0;0:02.38
19;460;30;1.0;0.0;0.0;0:02.21
19;470;30;1.0;0.0;0.0;0:02.11
19;480;30;1.0;0.0;0.0;0:02.25
19;490;30;1.0;0.0;0.0;0:02.40
19;500;30;1.0;0.0;0.0;0:02.52
19;510;30;1.0;0.0;0.0;0:02.23
19;520;30;1.0;0.0;0.0;0:02.10
19;530;30;1.0;0.0;0.0;0:02.49
19;540;30;1.0;0.0;0.0;0:02.29
19;550;30;1.0;0.0;0.0;0:02.41
19;560;30;1.0;0.0;0.0;0:02.14
19;570;30;1.0;0.0;0.0;0:02.43
19;580;30;1.0;0.0;0.0;0:02.29
19;590;30;1.0;0.0;0.0;0:02.01
19;600;30;1.0;0.0;0.0;0:02.26
20;10;30;0.0;0.0;0.0;0:00.49
20;20;30;0.0;0.0;0.0;0:00.61
20;30;30;0.0;0.0;0.0;0:00.75
20;40;30;0.0;0.0;0.0;0:00.95
20;50;30;0.0;0.0;0.0;0:01.11
20;60;30;0.0;0.0;0.0;0:01.16
20;70;30;0.0;0.0;0.0;0:01.39
20;80;30;0.0;0.0;0.0;0:01.44
20;90;30;0.0;0.0;0.0;0:01.83
20;100;360;0.03611111111111111;0.18682626815386427;0.0193642813741022;0:18.83
20;110;30;0.0;0.0;0.0;0:01.89
20;120;1170;0.14017094017094017;0.3473127509514333;0.019921671516518483;1:05.01
20;130;1890;0.2677248677248677;0.4428905588048397;0.0199798382919542;2:13.05
20;140;2280;0.3824561403508772;0.48609369029141897;0.019963255353757564;2:35.53
20;150;2400;0.55375;0.49720613764284166;0.019902064010076676;2:51.24
20;160;2160;0.6615740740740741;0.4732837638702499;0.01997038138444683;2:39.71
20;170;1620;0.7864197530864198;0.4099603278294247;0.019978239326210772;2:04.61
20;180;1230;0.8512195121951219;0.3560167149554508;0.019915620251674194;1:34.88
20;190;750;0.9186666666666666;0.2735287544816083;0.019607526193914204;0:59.34
20;200;30;1.0;0.0;0.0;0:02.93
20;210;30;1.0;0.0;0.0;0:02.74
20;220;240;0.975;0.1564512302530687;0.019894188538233798;0:19.94
20;230;150;0.9866666666666667;0.11508191810497569;0.018567408772215823;0:12.52
20;240;30;1.0;0.0;0.0;0:02.64
20;250;30;1.0;0.0;0.0;0:02.59
20;260;30;1.0;0.0;0.0;0:02.73
20;270;30;1.0;0.0;0.0;0:02.61
20;280;30;1.0;0.0;0.0;0:02.66
20;290;30;1.0;0.0;0.0;0:02.68
20;300;30;1.0;0.0;0.0;0:02.63
20;310;30;1.0;0.0;0.0;0:02.73
20;320;30;1.0;0.0;0.0;0:02.56
20;330;30;1.0;0.0;0.0;0:02.69
20;340;30;1.0;0.0;0.0;0:02.48
20;350;30;1.0;0.0;0.0;0:02.80
20;360;30;1.0;0.0;0.0;0:02.92
20;370;30;1.0;0.0;0.0;0:02.87
20;380;30;1.0;0.0;0.0;0:02.77
20;390;30;1.0;0.0;0.0;0:03.02
20;400;30;1.0;0.0;0.0;0:02.56
20;410;30;1.0;0.0;0.0;0:02.74
20;420;30;1.0;0.0;0.0;0:02.69
20;430;30;1.0;0.0;0.0;0:02.62
20;440;30;1.0;0.0;0.0;0:02.53
20;450;30;1.0;0.0;0.0;0:03.00
20;460;30;1.0;0.0;0.0;0:02.61
20;470;30;1.0;0.0;0.0;0:02.78
20;480;30;1.0;0.0;0.0;0:02.76
20;490;30;1.0;0.0;0.0;0:02.63
20;500;30;1.0;0.0;0.0;0:02.59
20;510;30;1.0;0.0;0.0;0:02.88
20;520;30;1.0;0.0;0.0;0:02.64
20;530;30;1.0;0.0;0.0;0:02.73
20;540;30;1.0;0.0;0.0;0:02.71
20;550;30;1.0;0.0;0.0;0:02.78
20;560;30;1.0;0.0;0.0;0:02.56
20;570;30;1.0;0.0;0.0;0:02.78
20;580;30;1.0;0.0;0.0;0:02.90
20;590;30;1.0;0.0;0.0;0:02.68
20;600;30;1.0;0.0;0.0;0:02.60
21;10;30;0.0;0.0;0.0;0:00.51
21;20;30;0.0;0.0;0.0;0:00.70
21;30;30;0.0;0.0;0.0;0:00.86
21;40;30;0.0;0.0;0.0;0:01.05
21;50;30;0.0;0.0;0.0;0:01.15
21;60;30;0.0;0.0;0.0;0:01.40
21;70;30;0.0;0.0;0.0;0:01.56
21;80;30;0.0;0.0;0.0;0:01.62
21;90;30;0.0;0.0;0.0;0:01.75
21;100;30;0.0;0.0;0.0;0:02.07
21;110;420;0.04523809523809524;0.2080737671565114;0.01995708343835871;0:27.16
21;120;900;0.10333333333333333;0.3045629995414006;0.019924575076487757;1:09.04
21;130;1590;0.20817610062893083;0.4061311970388341;0.019977760863715638;1:54.49
21;140;2070;0.30531400966183575;0.46065157894444636;0.019855901804569472;2:45.85
21;150;2370;0.43966244725738396;0.4964507757203117;0.01999733192418116;3:17.20
21;160;2370;0.5759493670886076;0.49430232498573434;0.019910791053337;3:22.87
21;170;2100;0.6842857142857143;0.4649104216183084;0.019895654293794838;3:26.90
21;180;1590;0.7911949685534592;0.40658265888014006;0.019999968457642094;2:25.15
21;190;1110;0.8702702702702703;0.3361572999573635;0.019797182568821934;1:44.96
21;200;810;0.9111111111111111;0.2847591309685485;0.019639637555289784;1:18.41
21;210;30;1.0;0.0;0.0;0:03.01
21;220;30;1.0;0.0;0.0;0:03.07
21;230;30;1.0;0.0;0.0;0:03.18
21;240;30;1.0;0.0;0.0;0:03.05
21;250;30;1.0;0.0;0.0;0:03.45
21;260;30;1.0;0.0;0.0;0:03.22
21;270;30;1.0;0.0;0.0;0:03.38
21;280;30;1.0;0.0;0.0;0:03.38
21;290;30;1.0;0.0;0.0;0:03.12
21;300;30;1.0;0.0;0.0;0:03.16
21;310;30;1.0;0.0;0.0;0:03.41
21;320;30;1.0;0.0;0.0;0:03.26
21;330;30;1.0;0.0;0.0;0:03.36
21;340;30;1.0;0.0;0.0;0:04.02
21;350;30;1.0;0.0;0.0;0:03.23
21;360;30;1.0;0.0;0.0;0:03.10
21;370;30;1.0;0.0;0.0;0:03.18
21;380;30;1.0;0.0;0.0;0:03.32
21;390;30;1.0;0.0;0.0;0:02.82
21;400;30;1.0;0.0;0.0;0:03.38
21;410;30;1.0;0.0;0.0;0:03.32
21;420;30;1.0;0.0;0.0;0:03.13
21;430;30;1.0;0.0;0.0;0:03.52
21;440;30;1.0;0.0;0.0;0:03.51
21;450;30;1.0;0.0;0.0;0:03.25
21;460;30;1.0;0.0;0.0;0:03.20
21;470;30;1.0;0.0;0.0;0:03.16
21;480;30;1.0;0.0;0.0;0:03.03
21;490;30;1.0;0.0;0.0;0:03.07
21;500;30;1.0;0.0;0.0;0:03.28
21;510;30;1.0;0.0;0.0;0:03.16
21;520;30;1.0;0.0;0.0;0:03.79
21;530;30;1.0;0.0;0.0;0:03.20
21;540;30;1.0;0.0;0.0;0:02.90
21;550;30;1.0;0.0;0.0;0:03.09
21;560;30;1.0;0.0;0.0;0:03.29
21;570;30;1.0;0.0;0.0;0:03.30
21;580;30;1.0;0.0;0.0;0:03.23
21;590;30;1.0;0.0;0.0;0:03.28
21;600;30;1.0;0.0;0.0;0:03.12
22;10;30;0.0;0.0;0.0;0:00.54
22;20;30;0.0;0.0;0.0;0:00.74
22;30;30;0.0;0.0;0.0;0:00.95
22;40;30;0.0;0.0;0.0;0:01.17
22;50;30;0.0;0.0;0.0;0:01.35
22;60;30;0.0;0.0;0.0;0:01.46
22;70;30;0.0;0.0;0.0;0:01.78
22;80;30;0.0;0.0;0.0;0:01.98
22;90;30;0.0;0.0;0.0;0:02.16
22;100;30;0.0;0.0;0.0;0:02.19
22;110;30;0.0;0.0;0.0;0:02.37
22;120;30;0.0;0.0;0.0;0:02.79
22;130;570;0.05789473684210526;0.23374942528508627;0.01923029676736135;0:48.64
22;140;990;0.11414141414141414;0.31814366171019387;0.01984200636066216;1:32.70
22;150;1590;0.2069182389937107;0.40522383419915503;0.01993312731189815;2:36.54
22;160;2100;0.31857142857142856;0.466033363500946;0.019943710139502083;3:33.62
22;170;2400;0.4608333333333333;0.49856749078242424;0.019956555970800927;4:13.07
22;180;2340;0.5837606837606838;0.49303958424262817;0.019986959930392543;4:18.94
22;190;2100;0.6847619047619048;0.4647212922211828;0.01988756057739909;3:58.36
22;200;1530;0.8065359477124183;0.39514271293536807;0.019815282769256638;3:18.39
22;210;1110;0.8675675675675676;0.339113085548598;0.01997125651275052;2:28.57
22;220;720;0.9208333333333333;0.27018640863354354;0.019768650685682444;1:36.66
22;230;30;1.0;0.0;0.0;0:04.34
22;240;390;0.958974358974359;0.19860431876822987;0.01977232794685796;0:49.06
22;250;120;0.9916666666666667;0.09128709291752739;0.016500832303549998;0:15.32
22;260;30;1.0;0.0;0.0;0:04.00
22;270;150;0.9866666666666667;0.11508191810497569;0.018567408772215823;0:19.18
22;280;30;1.0;0.0;0.0;0:03.98
22;290;30;1.0;0.0;0.0;0:03.83
22;300;30;1.0;0.0;0.0;0:03.88
22;310;30;1.0;0.0;0.0;0:04.65
22;320;30;1.0;0.0;0.0;0:04.02
22;330;30;1.0;0.0;0.0;0:03.73
22;340;30;1.0;0.0;0.0;0:04.16
22;350;30;1.0;0.0;0.0;0:03.92
22;360;30;1.0;0.0;0.0;0:03.81
22;370;30;1.0;0.0;0.0;0:04.33
22;380;30;1.0;0.0;0.0;0:04.18
22;390;30;1.0;0.0;0.0;0:03.98
22;400;30;1.0;0.0;0.0;0:04.09
22;410;30;1.0;0.0;0.0;0:04.16
22;420;30;1.0;0.0;0.0;0:04.24
22;430;30;1.0;0.0;0.0;0:04.21
22;440;30;1.0;0.0;0.0;0:03.86
22;450;30;1.0;0.0;0.0;0:04.06
22;460;30;1.0;0.0;0.0;0:04.59
22;470;30;1.0;0.0;0.0;0:03.96
22;480;30;1.0;0.0;0.0;0:03.94
22;490;30;1.0;0.0;0.0;0:03.87
22;500;30;1.0;0.0;0.0;0:04.21
22;510;30;1.0;0.0;0.0;0:03.85
22;520;30;1.0;0.0;0.0;0:03.83
22;530;30;1.0;0.0;0.0;0:04.47
22;540;30;1.0;0.0;0.0;0:04.12
22;550;30;1.0;0.0;0.0;0:04.09
22;560;30;1.0;0.0;0.0;0:03.99
22;570;30;1.0;0.0;0.0;0:04.15
22;580;30;1.0;0.0;0.0;0:04.23
22;590;30;1.0;0.0;0.0;0:03.97
22;600;30;1.0;0.0;0.0;0:03.95
23;10;30;0.0;0.0;0.0;0:00.61
23;20;30;0.0;0.0;0.0;0:00.83
23;30;30;0.0;0.0;0.0;0:01.07
23;40;30;0.0;0.0;0.0;0:01.38
23;50;30;0.0;0.0;0.0;0:01.53
23;60;30;0.0;0.0;0.0;0:01.76
23;70;30;0.0;0.0;0.0;0:01.98
23;80;30;0.0;0.0;0.0;0:02.21
23;90;30;0.0;0.0;0.0;0:02.46
23;100;30;0.0;0.0;0.0;0:02.69
23;110;30;0.0;0.0;0.0;0:02.93
23;120;150;0.013333333333333334;0.11508191810497581;0.018567408772215844;0:14.50
23;130;390;0.041025641025641026;0.19860431876822987;0.01977232794685796;0:36.98
23;140;750;0.084;0.2775729255024031;0.019897426937158492;1:22.11
23;150;1350;0.16444444444444445;0.37081575504657105;0.019798359964642347;2:34.63
23;160;1860;0.2618279569892473;0.43974770564351945;0.01999760805612091;3:44.76
23;170;2310;0.3926406926406926;0.4884437115187077;0.019928946260429084;4:49.64
23;180;2400;0.53;0.49920320004104674;0.0199820020089711;5:20.31
23;190;2190;0.6598173515981736;0.4738786272625753;0.019857901588181192;5:20.88
23;200;1830;0.7497267759562841;0.4332887340531675;0.019864948119955882;4:40.74
23;210;1290;0.8441860465116279;0.362819528630921;0.01981763731228864;3:04.60
23;220;870;0.9011494252873563;0.29863296239861004;0.019871539314123342;2:04.63
23;230;720;0.9222222222222223;0.2680077543468618;0.019609245718659508;1:47.28
23;240;30;1.0;0.0;0.0;0:04.59
23;250;150;0.9866666666666667;0.11508191810497569;0.018567408772215823;0:21.62
23;260;120;0.9916666666666667;0.09128709291752739;0.016500832303549998;0:17.67
23;270;30;1.0;0.0;0.0;0:04.89
23;280;30;1.0;0.0;0.0;0:04.80
23;290;30;1.0;0.0;0.0;0:04.73
23;300;30;1.0;0.0;0.0;0:04.95
23;310;30;1.0;0.0;0.0;0:04.63
23;320;30;1.0;0.0;0.0;0:04.73
23;330;30;1.0;0.0;0.0;0:04.70
23;340;30;1.0;0.0;0.0;0:04.89
23;350;30;1.0;0.0;0.0;0:04.55
23;360;30;1.0;0.0;0.0;0:04.97
23;370;30;1.0;0.0;0.0;0:04.91
23;380;30;1.0;0.0;0.0;0:04.51
23;390;30;1.0;0.0;0.0;0:04.76
23;400;30;1.0;0.0;0.0;0:04.83
23;410;30;1.0;0.0;0.0;0:04.86
23;420;30;1.0;0.0;0.0;0:05.29
23;430;30;1.0;0.0;0.0;0:04.69
23;440;30;1.0;0.0;0.0;0:05.46
23;450;30;1.0;0.0;0.0;0:05.23
23;460;30;1.0;0.0;0.0;0:04.80
23;470;30;1.0;0.0;0.0;0:04.51
23;480;30;1.0;0.0;0.0;0:04.95
23;490;30;1.0;0.0;0.0;0:04.48
23;500;30;1.0;0.0;0.0;0:04.86
23;510;30;1.0;0.0;0.0;0:05.11
23;520;30;1.0;0.0;0.0;0:04.82
23;530;30;1.0;0.0;0.0;0:05.01
23;540;30;1.0;0.0;0.0;0:04.73
23;550;30;1.0;0.0;0.0;0:04.86
23;560;30;1.0;0.0;0.0;0:04.84
23;570;30;1.0;0.0;0.0;0:04.79
23;580;30;1.0;0.0;0.0;0:04.60
23;590;30;1.0;0.0;0.0;0:05.08
23;600;30;1.0;0.0;0.0;0:05.09
24;10;30;0.0;0.0;0.0;0:00.66
24;20;30;0.0;0.0;0.0;0:00.89
24;30;30;0.0;0.0;0.0;0:01.19
24;40;30;0.0;0.0;0.0;0:01.43
24;50;30;0.0;0.0;0.0;0:01.73
24;60;30;0.0;0.0;0.0;0:02.02
24;70;30;0.0;0.0;0.0;0:02.14
24;80;30;0.0;0.0;0.0;0:02.35
24;90;30;0.0;0.0;0.0;0:02.60
24;100;30;0.0;0.0;0.0;0:02.87
24;110;30;0.0;0.0;0.0;0:03.35
24;120;30;0.0;0.0;0.0;0:03.59
24;130;30;0.0;0.0;0.0;0:03.62
24;140;420;0.04523809523809524;0.2080737671565114;0.01995708343835871;0:52.15
24;150;750;0.08133333333333333;0.2735287544816082;0.019607526193914197;1:41.53
24;160;1530;0.19738562091503267;0.39815593771968155;0.019966387418776696;3:24.66
24;170;1980;0.28383838383838383;0.45097324897377083;0.019876136548008384;4:52.25
24;180;2310;0.38614718614718613;0.4869704250473679;0.019868834836694597;5:49.59
24;190;2430;0.5218106995884774;0.49962688133487454;0.01987500336127991;6:25.30
24;200;2280;0.6241228070175439;0.4844548129851739;0.01989594872787144;6:14.40
24;210;1920;0.7276041666666667;0.445308459800992;0.01993115318685929;5:24.02
24;220;1410;0.8241134751773049;0.3808586744588532;0.01989645071273906;3:59.30
24;230;1110;0.8693693693693694;0.33714785062602426;0.019855518688351788;3:17.79
24;240;870;0.9022988505747126;0.29708093130578533;0.01976826455627313;2:49.11
24;250;510;0.9470588235294117;0.22413592316633005;0.019498822159542177;1:32.24
24;260;30;1.0;0.0;0.0;0:05.76
24;270;30;1.0;0.0;0.0;0:05.63
24;280;30;1.0;0.0;0.0;0:05.43
24;290;30;1.0;0.0;0.0;0:05.82
24;300;30;1.0;0.0;0.0;0:05.52
24;310;30;1.0;0.0;0.0;0:05.80
24;320;30;1.0;0.0;0.0;0:05.45
24;330;30;1.0;0.0;0.0;0:05.38
24;340;30;1.0;0.0;0.0;0:05.85
24;350;30;1.0;0.0;0.0;0:05.69
24;360;30;1.0;0.0;0.0;0:06.00
24;370;30;1.0;0.0;0.0;0:05.81
24;380;30;1.0;0.0;0.0;0:06.01
24;390;30;1.0;0.0;0.0;0:05.42
24;400;30;1.0;0.0;0.0;0:06.07
24;410;30;1.0;0.0;0.0;0:06.51
24;420;30;1.0;0.0;0.0;0:05.77
24;430;30;1.0;0.0;0.0;0:05.83
24;440;30;1.0;0.0;0.0;0:05.83
24;450;30;1.0;0.0;0.0;0:05.22
24;460;30;1.0;0.0;0.0;0:06.26
24;470;30;1.0;0.0;0.0;0:05.45
24;480;30;1.0;0.0;0.0;0:05.76
24;490;30;1.0;0.0;0.0;0:06.12
24;500;30;1.0;0.0;0.0;0:05.44
24;510;30;1.0;0.0;0.0;0:06.25
24;520;30;1.0;0.0;0.0;0:06.12
24;530;30;1.0;0.0;0.0;0:05.88
24;540;30;1.0;0.0;0.0;0:05.75
24;550;30;1.0;0.0;0.0;0:06.57
24;560;30;1.0;0.0;0.0;0:06.12
24;570;30;1.0;0.0;0.0;0:05.85
24;580;30;1.0;0.0;0.0;0:05.58
24;590;30;1.0;0.0;0.0;0:05.68
24;600;30;1.0;0.0;0.0;0:05.64
25;10;30;0.0;0.0;0.0;0:00.69
25;20;30;0.0;0.0;0.0;0:00.99
25;30;30;0.0;0.0;0.0;0:01.31
25;40;30;0.0;0.0;0.0;0:01.61
25;50;30;0.0;0.0;0.0;0:01.90
25;60;30;0.0;0.0;0.0;0:02.06
25;70;30;0.0;0.0;0.0;0:02.35
25;80;30;0.0;0.0;0.0;0:03.05
25;90;30;0.0;0.0;0.0;0:03.15
25;100;30;0.0;0.0;0.0;0:03.43
25;110;30;0.0;0.0;0.0;0:03.50
25;120;30;0.0;0.0;0.0;0:04.05
25;130;120;0.008333333333333333;0.09128709291752768;0.01650083230355005;0:16.11
25;140;300;0.03;0.17087224588772665;0.019414243556415824;0:42.60
25;150;660;0.0696969696969697;0.25482875142984746;0.019477038042988608;1:47.74
25;160;1290;0.1573643410852713;0.36428515795592653;0.019897691741847086;3:26.85
25;170;1920;0.26875;0.44342513099192504;0.019846858998935003;5:23.10
25;180;2280;0.38552631578947366;0.48682617315643745;0.019993337502052573;7:07.28
25;190;2430;0.49958847736625517;0.5001027430368558;0.01989393299313061;7:12.00
25;200;2280;0.624561403508772;0.48434217857083417;0.019891322974400466;7:45.39
25;210;1860;0.7424731182795699;0.43738957641647175;0.019890371694400333;5:59.62
25;220;1320;0.8386363636363636;0.3680054486017363;0.019870741610851526;4:21.57
25;230;1050;0.8771428571428571;0.32842958883907436;0.019888274164766497;3:25.45
25;240;720;0.9194444444444444;0.27234054240972777;0.019926261567617565;2:23.66
25;250;510;0.9450980392156862;0.2280124470891491;0.01983606239082883;1:45.39
25;260;210;0.9809523809523809;0.13701900688551374;0.018639806330790386;0:45.46
25;270;30;1.0;0.0;0.0;0:06.01
25;280;30;1.0;0.0;0.0;0:06.07
25;290;30;1.0;0.0;0.0;0:06.66
25;300;30;1.0;0.0;0.0;0:06.25
25;310;30;1.0;0.0;0.0;0:06.70
25;320;30;1.0;0.0;0.0;0:06.43
25;330;30;1.0;0.0;0.0;0:06.05
25;340;30;1.0;0.0;0.0;0:06.56
25;350;30;1.0;0.0;0.0;0:06.94
25;360;30;1.0;0.0;0.0;0:06.86
25;370;30;1.0;0.0;0.0;0:06.33
25;380;30;1.0;0.0;0.0;0:06.81
25;390;30;1.0;0.0;0.0;0:06.68
25;400;30;1.0;0.0;0.0;0:06.79
25;410;30;1.0;0.0;0.0;0:06.14
25;420;30;1.0;0.0;0.0;0:06.83
25;430;30;1.0;0.0;0.0;0:07.39
25;440;30;1.0;0.0;0.0;0:07.28
25;450;30;1.0;0.0;0.0;0:08.22
25;460;30;1.0;0.0;0.0;0:06.41
25;470;30;1.0;0.0;0.0;0:06.35
25;480;30;1.0;0.0;0.0;0:06.90
25;490;30;1.0;0.0;0.0;0:07.00
25;500;30;1.0;0.0;0.0;0:06.83
25;510;30;1.0;0.0;0.0;0:06.35
25;520;30;1.0;0.0;0.0;0:06.87
25;530;30;1.0;0.0;0.0;0:07.17
25;540;30;1.0;0.0;0.0;0:05.85
25;550;30;1.0;0.0;0.0;0:06.72
25;560;30;1.0;0.0;0.0;0:06.86
25;570;30;1.0;0.0;0.0;0:06.59
25;580;30;1.0;0.0;0.0;0:06.23
25;590;30;1.0;0.0;0.0;0:06.68
25;600;30;1.0;0.0;0.0;0:06.41
26;10;30;0.0;0.0;0.0;0:00.74
26;20;30;0.0;0.0;0.0;0:01.10
26;30;30;0.0;0.0;0.0;0:01.36
26;40;30;0.0;0.0;0.0;0:01.76
26;50;30;0.0;0.0;0.0;0:02.00
26;60;30;0.0;0.0;0.0;0:02.43
26;70;30;0.0;0.0;0.0;0:02.60
26;80;30;0.0;0.0;0.0;0:03.12
26;90;30;0.0;0.0;0.0;0:03.51
26;100;30;0.0;0.0;0.0;0:03.74
26;110;30;0.0;0.0;0.0;0:04.16
26;120;120;0.008333333333333333;0.09128709291752768;0.01650083230355005;0:16.80
26;130;30;0.0;0.0;0.0;0:04.80
26;140;360;0.03611111111111111;0.18682626815386427;0.0193642813741022;0:57.70
26;150;600;0.06;0.2376849951684239;0.019056916995752765;1:38.56
26;160;1170;0.13931623931623932;0.3464243023451245;0.019870710585064896;3:25.17
26;170;1500;0.19066666666666668;0.3929578002501123;0.019902112760186764;4:41.39
26;180;2070;0.30772946859903383;0.4616654703636159;0.019899604527798286;6:42.10
26;190;2370;0.42236286919831223;0.49403993902073395;0.01990022199092241;8:01.63
26;200;2400;0.5345833333333333;0.49890650887630095;0.019970126116650083;8:26.70
26;210;2250;0.636;0.48125558325715556;0.019896028845518315;8:14.46
26;220;1890;0.7354497354497355;0.4412101768800968;0.0199040322977698;7:38.58
26;230;1440;0.8208333333333333;0.3836250413384196;0.01983075428078006;5:28.17
26;240;1140;0.8640350877192983;0.3429017303261381;0.01992631926160788;4:27.08
26;250;780;0.9115384615384615;0.2841471572815953;0.01997190047373915;3:02.28
26;260;480;0.95;0.21817232850875276;0.019567073632791886;1:52.77
26;270;30;1.0;0.0;0.0;0:07.09
26;280;30;1.0;0.0;0.0;0:08.14
26;290;30;1.0;0.0;0.0;0:07.39
26;300;30;1.0;0.0;0.0;0:07.81
26;310;30;1.0;0.0;0.0;0:06.86
26;320;30;1.0;0.0;0.0;0:07.17
26;330;30;1.0;0.0;0.0;0:07.36
26;340;30;1.0;0.0;0.0;0:08.27
26;350;30;1.0;0.0;0.0;0:07.64
26;360;30;1.0;0.0;0.0;0:07.88
26;370;30;1.0;0.0;0.0;0:07.65
26;380;30;1.0;0.0;0.0;0:07.07
26;390;30;1.0;0.0;0.0;0:08.07
26;400;30;1.0;0.0;0.0;0:07.22
26;410;30;1.0;0.0;0.0;0:07.85
26;420;30;1.0;0.0;0.0;0:08.79
26;430;30;1.0;0.0;0.0;0:07.78
26;440;30;1.0;0.0;0.0;0:07.43
26;450;30;1.0;0.0;0.0;0:07.22
26;460;30;1.0;0.0;0.0;0:06.88
26;470;30;1.0;0.0;0.0;0:07.64
26;480;30;1.0;0.0;0.0;0:07.01
26;490;30;1.0;0.0;0.0;0:07.28
26;500;30;1.0;0.0;0.0;0:07.28
26;510;30;1.0;0.0;0.0;0:07.44
26;520;30;1.0;0.0;0.0;0:07.50
26;530;30;1.0;0.0;0.0;0:08.23
26;540;30;1.0;0.0;0.0;0:07.11
26;550;30;1.0;0.0;0.0;0:07.47
26;560;30;1.0;0.0;0.0;0:07.07
26;570;30;1.0;0.0;0.0;0:08.30
26;580;30;1.0;0.0;0.0;0:08.22
26;590;30;1.0;0.0;0.0;0:07.21
26;600;30;1.0;0.0;0.0;0:07.77
27;10;30;0.0;0.0;0.0;0:00.82
27;20;30;0.0;0.0;0.0;0:01.23
27;30;30;0.0;0.0;0.0;0:01.63
27;40;30;0.0;0.0;0.0;0:01.96
27;50;30;0.0;0.0;0.0;0:02.40
27;60;30;0.0;0.0;0.0;0:02.74
27;70;30;0.0;0.0;0.0;0:02.97
27;80;30;0.0;0.0;0.0;0:03.52
27;90;30;0.0;0.0;0.0;0:03.91
27;100;30;0.0;0.0;0.0;0:04.28
27;110;30;0.0;0.0;0.0;0:04.50
27;120;30;0.0;0.0;0.0;0:05.02
27;130;30;0.0;0.0;0.0;0:05.49
27;140;30;0.0;0.0;0.0;0:05.74
27;150;30;0.0;0.0;0.0;0:06.21
27;160;30;0.0;0.0;0.0;0:06.72
27;170;240;0.025;0.15645123025306878;0.01989418853823381;0:48.70
27;180;540;0.05925925925925926;0.2363282193890495;0.019977589856309312;2:02.56
27;190;870;0.09540229885057472;0.2939387871336321;0.019559181001175673;3:33.24
27;200;1410;0.17801418439716313;0.38266040413723595;0.019990574932948976;5:59.62
27;210;1830;0.25519125683060107;0.4360878337223731;0.019993278181047503;7:58.25
27;220;2250;0.37022222222222223;0.48297142785930114;0.019966965152309116;10:03.94
27;230;2430;0.5008230452674897;0.5001022348792213;0.01989391277877652;11:28.25
27;240;2340;0.5876068376068376;0.4923704337073256;0.019959833741413135;11:12.07
27;250;2100;0.6861904761904762;0.4641505089969795;0.01986313413914908;10:23.38
27;260;1620;0.7870370370370371;0.409528101693221;0.019957176026652396;8:00.91
27;270;1320;0.8424242424242424;0.36448083532729303;0.01968042736436211;6:43.46
27;280;990;0.8858585858585859;0.3181436617101938;0.019842006360662155;5:06.70
27;290;540;0.9407407407407408;0.23632821938904935;0.019977589856309298;2:48.06
27;300;450;0.9555555555555556;0.20630977158396283;0.019113220962380332;2:24.25
27;310;30;1.0;0.0;0.0;0:09.86
27;320;210;0.9809523809523809;0.13701900688551374;0.018639806330790386;1:06.32
27;330;30;1.0;0.0;0.0;0:10.56
27;340;30;1.0;0.0;0.0;0:09.80
27;350;30;1.0;0.0;0.0;0:09.31
27;360;30;1.0;0.0;0.0;0:10.29
27;370;30;1.0;0.0;0.0;0:09.66
27;380;30;1.0;0.0;0.0;0:09.39
27;390;30;1.0;0.0;0.0;0:09.60
27;400;30;1.0;0.0;0.0;0:09.60
27;410;30;1.0;0.0;0.0;0:09.42
27;420;30;1.0;0.0;0.0;0:09.83
27;430;30;1.0;0.0;0.0;0:09.38
27;440;30;1.0;0.0;0.0;0:10.60
27;450;30;1.0;0.0;0.0;0:10.61
27;460;30;1.0;0.0;0.0;0:10.34
27;470;30;1.0;0.0;0.0;0:10.02
27;480;30;1.0;0.0;0.0;0:10.89
27;490;30;1.0;0.0;0.0;0:10.01
27;500;30;1.0;0.0;0.0;0:10.35
27;510;30;1.0;0.0;0.0;0:09.14
27;520;30;1.0;0.0;0.0;0:10.46
27;530;30;1.0;0.0;0.0;0:10.03
27;540;30;1.0;0.0;0.0;0:08.66
27;550;30;1.0;0.0;0.0;0:09.91
27;560;30;1.0;0.0;0.0;0:09.72
27;570;30;1.0;0.0;0.0;0:10.36
27;580;30;1.0;0.0;0.0;0:09.68
27;590;30;1.0;0.0;0.0;0:09.46
27;600;30;1.0;0.0;0.0;0:09.50
28;10;30;0.0;0.0;0.0;0:00.93
28;20;30;0.0;0.0;0.0;0:01.31
28;30;30;0.0;0.0;0.0;0:01.79
28;40;30;0.0;0.0;0.0;0:02.24
28;50;30;0.0;0.0;0.0;0:02.64
28;60;30;0.0;0.0;0.0;0:03.08
28;70;30;0.0;0.0;0.0;0:03.29
28;80;30;0.0;0.0;0.0;0:03.69
28;90;30;0.0;0.0;0.0;0:04.17
28;100;30;0.0;0.0;0.0;0:04.46
28;110;30;0.0;0.0;0.0;0:05.26
28;120;30;0.0;0.0;0.0;0:05.76
28;130;30;0.0;0.0;0.0;0:06.21
28;140;30;0.0;0.0;0.0;0:06.21
28;150;30;0.0;0.0;0.0;0:06.57
28;160;30;0.0;0.0;0.0;0:07.53
28;170;450;0.04666666666666667;0.21115864480040142;0.019562436646605164;1:50.33
28;180;810;0.09012345679012346;0.28653547867037604;0.01976215101049456;3:22.12
28;190;1140;0.1368421052631579;0.343831419862138;0.019980344333137532;5:08.19
28;200;1800;0.24388888888888888;0.42954581141136017;0.01985699903281917;8:26.58
28;210;2130;0.3305164319248826;0.47050956852611175;0.019992804495806586;10:19.55
28;220;2400;0.4533333333333333;0.49792120312767085;0.019930686502787516;12:07.53
28;230;2370;0.5789029535864979;0.49383927111796405;0.01989213896868844;12:21.46
28;240;2220;0.6477477477477478;0.47777968657566816;0.019885487188178744;11:54.07
28;250;1860;0.7408602150537634;0.43828031075934526;0.01993087800300027;10:17.35
28;260;1470;0.8122448979591836;0.390649379804905;0.019986398248047363;8:12.65
28;270;900;0.9;0.3001668056842815;0.019636975155654116;5:05.51
28;280;600;0.94;0.237684995168424;0.019056916995752776;3:22.95
28;290;540;0.9444444444444444;0.22927381258641333;0.01938125799993197;3:05.50
28;300;300;0.9733333333333334;0.16137646493112826;0.0183353474297101;1:45.50
28;310;180;0.9833333333333333;0.12837619299299383;0.018881763416668893;1:03.03
28;320;30;1.0;0.0;0.0;0:10.92
28;330;30;1.0;0.0;0.0;0:10.20
28;340;30;1.0;0.0;0.0;0:10.25
28;350;30;1.0;0.0;0.0;0:12.19
28;360;120;0.9916666666666667;0.09128709291752739;0.016500832303549998;0:43.67
28;370;30;1.0;0.0;0.0;0:10.28
28;380;30;1.0;0.0;0.0;0:10.41
28;390;30;1.0;0.0;0.0;0:10.74
28;400;30;1.0;0.0;0.0;0:10.64
28;410;30;1.0;0.0;0.0;0:11.53
28;420;30;1.0;0.0;0.0;0:11.54
28;430;30;1.0;0.0;0.0;0:10.91
28;440;30;1.0;0.0;0.0;0:10.95
28;450;30;1.0;0.0;0.0;0:10.62
28;460;30;1.0;0.0;0.0;0:10.99
28;470;30;1.0;0.0;0.0;0:11.22
28;480;30;1.0;0.0;0.0;0:10.52
28;490;30;1.0;0.0;0.0;0:10.19
28;500;30;1.0;0.0;0.0;0:10.68
28;510;30;1.0;0.0;0.0;0:10.54
28;520;30;1.0;0.0;0.0;0:11.06
28;530;30;1.0;0.0;0.0;0:11.17
28;540;30;1.0;0.0;0.0;0:10.44
28;550;30;1.0;0.0;0.0;0:11.95
28;560;30;1.0;0.0;0.0;0:10.62
28;570;30;1.0;0.0;0.0;0:10.63
28;580;30;1.0;0.0;0.0;0:10.48
28;590;30;1.0;0.0;0.0;0:11.19
28;600;30;1.0;0.0;0.0;0:10.90
29;10;30;0.0;0.0;0.0;0:00.98
29;20;30;0.0;0.0;0.0;0:01.45
29;30;30;0.0;0.0;0.0;0:01.88
29;40;30;0.0;0.0;0.0;0:02.32
29;50;30;0.0;0.0;0.0;0:02.96
29;60;30;0.0;0.0;0.0;0:03.21
29;70;30;0.0;0.0;0.0;0:03.88
29;80;30;0.0;0.0;0.0;0:04.37
29;90;30;0.0;0.0;0.0;0:04.66
29;100;30;0.0;0.0;0.0;0:05.29
29;110;30;0.0;0.0;0.0;0:05.76
29;120;30;0.0;0.0;0.0;0:06.21
29;130;30;0.0;0.0;0.0;0:06.73
29;140;30;0.0;0.0;0.0;0:07.17
29;150;30;0.0;0.0;0.0;0:07.24
29;160;30;0.0;0.0;0.0;0:08.24
29;170;360;0.03333333333333333;0.17975532736438563;0.018631388251630177;1:38.00
29;180;630;0.06825396825396825;0.25238159516657016;0.019745674488517388;3:01.40
29;190;1050;0.1180952380952381;0.32287464545690675;0.01955189084027731;5:15.54
29;200;1500;0.188;0.390842472818704;0.019794977884539027;7:51.74
29;210;1980;0.2863636363636364;0.4521755943840323;0.0199291285638466;10:51.90
29;220;2340;0.4025641025641026;0.49051918441572673;0.019884787342310736;13:07.82
29;230;2430;0.5016460905349794;0.5001002022435203;0.01989383192115476;14:13.73
29;240;2310;0.6121212121212121;0.48737220001914017;0.01988522761979818;13:54.09
29;250;1920;0.7255208333333333;0.44636770348592997;0.01997856290406104;11:54.54
29;260;1710;0.7736842105263158;0.4185682843971227;0.019852903856287827;10:46.01
29;270;1140;0.8649122807017544;0.34196726122645144;0.01987201644545483;7:11.04
29;280;780;0.9141025641025641;0.28039233423436616;0.01970798457567706;5:00.99
29;290;660;0.9303030303030303;0.25482875142984734;0.019477038042988597;4:22.21
29;300;30;1.0;0.0;0.0;0:11.27
29;310;330;0.9666666666666667;0.17977809128866656;0.019468319360644068;2:10.61
29;320;180;0.9833333333333333;0.12837619299299383;0.018881763416668893;1:12.14
29;330;180;0.9833333333333333;0.12837619299299383;0.018881763416668893;1:11.61
29;340;30;1.0;0.0;0.0;0:11.47
29;350;30;1.0;0.0;0.0;0:12.04
29;360;30;1.0;0.0;0.0;0:11.77
29;370;30;1.0;0.0;0.0;0:12.11
29;380;30;1.0;0.0;0.0;0:11.66
29;390;30;1.0;0.0;0.0;0:11.98
29;400;30;1.0;0.0;0.0;0:11.27
29;410;30;1.0;0.0;0.0;0:12.87
29;420;30;1.0;0.0;0.0;0:12.82
29;430;30;1.0;0.0;0.0;0:11.88
29;440;30;1.0;0.0;0.0;0:13.68
29;450;30;1.0;0.0;0.0;0:11.67
29;460;30;1.0;0.0;0.0;0:11.47
29;470;30;1.0;0.0;0.0;0:12.54
29;480;30;1.0;0.0;0.0;0:12.13
29;490;30;1.0;0.0;0.0;0:11.49
29;500;30;1.0;0.0;0.0;0:12.35
29;510;30;1.0;0.0;0.0;0:10.98
29;520;30;1.0;0.0;0.0;0:12.70
29;530;30;1.0;0.0;0.0;0:12.24
29;540;30;1.0;0.0;0.0;0:12.88
29;550;30;1.0;0.0;0.0;0:12.91
29;560;30;1.0;0.0;0.0;0:11.85
29;570;30;1.0;0.0;0.0;0:11.77
29;580;30;1.0;0.0;0.0;0:11.42
29;590;30;1.0;0.0;0.0;0:12.11
29;600;30;1.0;0.0;0.0;0:11.87
30;10;30;0.0;0.0;0.0;0:01.12
30;20;30;0.0;0.0;0.0;0:01.61
30;30;30;0.0;0.0;0.0;0:02.21
30;40;30;0.0;0.0;0.0;0:02.56
30;50;30;0.0;0.0;0.0;0:03.09
30;60;30;0.0;0.0;0.0;0:03.78
30;70;30;0.0;0.0;0.0;0:04.28
30;80;30;0.0;0.0;0.0;0:04.89
30;90;30;0.0;0.0;0.0;0:05.37
30;100;30;0.0;0.0;0.0;0:05.54
30;110;30;0.0;0.0;0.0;0:06.08
30;120;30;0.0;0.0;0.0;0:06.59
30;130;30;0.0;0.0;0.0;0:07.04
30;140;30;0.0;0.0;0.0;0:08.25
30;150;30;0.0;0.0;0.0;0:08.83
30;160;30;0.0;0.0;0.0;0:09.11
30;170;30;0.0;0.0;0.0;0:09.61
30;180;180;0.016666666666666666;0.12837619299299347;0.01888176341666884;0:55.56
30;190;30;0.0;0.0;0.0;0:10.56
30;200;780;0.08846153846153847;0.28414715728159523;0.019971900473739146;4:38.42
30;210;1080;0.1259259259259259;0.33191956392714317;0.01981784817446369;6:42.04
30;220;1560;0.20064102564102565;0.4006083883352819;0.01989496279509879;10:01.97
30;230;1980;0.2808080808080808;0.44950745436130485;0.019811533306164204;13:06.08
30;240;2310;0.40086580086580087;0.49017999380941224;0.01999978815202965;15:38.36
30;250;2400;0.4741666666666667;0.4994362529826866;0.019991330603715007;16:58.18
30;260;2370;0.5751054852320675;0.4944313043730805;0.019915986419617566;17:18.96
30;270;2160;0.6680555555555555;0.47102021530916316;0.019874870125667393;16:03.20
30;280;1860;0.7403225806451613;0.43857550135429657;0.01994430184977407;13:54.81
30;290;1350;0.8340740740740741;0.37215198975495384;0.019869703361986638;10:17.34
30;300;1110;0.8684684684684685;0.33813309707909894;0.019913542428753313;8:32.96
30;310;720;0.9194444444444444;0.27234054240972777;0.019926261567617565;5:41.32
30;320;30;1.0;0.0;0.0;0:14.99
30;330;30;1.0;0.0;0.0;0:14.93
30;340;150;0.9866666666666667;0.11508191810497569;0.018567408772215823;1:10.99
30;350;120;0.9916666666666667;0.09128709291752739;0.016500832303549998;0:55.79
30;360;120;0.9916666666666667;0.09128709291752739;0.016500832303549998;0:57.60
30;370;30;1.0;0.0;0.0;0:14.34
30;380;30;1.0;0.0;0.0;0:14.14
30;390;30;1.0;0.0;0.0;0:14.38
30;400;30;1.0;0.0;0.0;0:15.75
30;410;30;1.0;0.0;0.0;0:15.08
30;420;30;1.0;0.0;0.0;0:16.75
30;430;30;1.0;0.0;0.0;0:14.41
30;440;30;1.0;0.0;0.0;0:15.00
30;450;30;1.0;0.0;0.0;0:14.62
30;460;30;1.0;0.0;0.0;0:13.46
30;470;30;1.0;0.0;0.0;0:14.63
30;480;30;1.0;0.0;0.0;0:15.06
30;490;30;1.0;0.0;0.0;0:15.77
30;500;30;1.0;0.0;0.0;0:14.23
30;510;30;1.0;0.0;0.0;0:15.37
30;520;30;1.0;0.0;0.0;0:15.70
30;530;30;1.0;0.0;0.0;0:15.79
30;540;30;1.0;0.0;0.0;0:15.30
30;550;30;1.0;0.0;0.0;0:14.94
30;560;30;1.0;0.0;0.0;0:15.51
30;570;30;1.0;0.0;0.0;0:14.21
30;580;30;1.0;0.0;0.0;0:15.15
30;590;30;1.0;0.0;0.0;0:13.81
30;600;30;1.0;0.0;0.0;0:13.91
31;10;30;0.0;0.0;0.0;0:01.23
31;20;30;0.0;0.0;0.0;0:01.83
31;30;30;0.0;0.0;0.0;0:02.38
31;40;30;0.0;0.0;0.0;0:02.98
31;50;30;0.0;0.0;0.0;0:03.64
31;60;30;0.0;0.0;0.0;0:04.16
31;70;30;0.0;0.0;0.0;0:04.75
31;80;30;0.0;0.0;0.0;0:05.35
31;90;30;0.0;0.0;0.0;0:05.97
31;100;30;0.0;0.0;0.0;0:06.54
31;110;30;0.0;0.0;0.0;0:07.24
31;120;30;0.0;0.0;0.0;0:07.67
31;130;30;0.0;0.0;0.0;0:08.33
31;140;30;0.0;0.0;0.0;0:08.42
31;150;30;0.0;0.0;0.0;0:08.96
31;160;30;0.0;0.0;0.0;0:09.58
31;170;30;0.0;0.0;0.0;0:10.68
31;180;150;0.013333333333333334;0.11508191810497581;0.018567408772215844;0:51.66
31;190;600;0.06;0.2376849951684239;0.019056916995752765;3:46.34
31;200;900;0.1;0.3001668056842815;0.019636975155654116;5:39.97
31;210;1140;0.13333333333333333;0.3400838265373489;0.019762568409459943;7:53.01
31;220;1620;0.21358024691358024;0.4099603278294247;0.019978239326210772;11:38.19
31;230;2070;0.30917874396135264;0.46226667667045707;0.019925518893315668;15:08.03
31;240;2370;0.41983122362869196;0.49363527434904764;0.019883921857750175;18:11.29
31;250;2430;0.5156378600823045;0.4998582595790118;0.019884207516524057;19:10.06
31;260;2280;0.6258771929824561;0.48400173231299615;0.019877341275573276;18:18.10
31;270;1980;0.7171717171717171;0.45048744674481755;0.019854725363509136;16:21.18
31;280;1590;0.7943396226415095;0.40431051924811995;0.019888200973271448;13:16.78
31;290;1230;0.8504065040650407;0.3568175908259535;0.01996042134958797;10:33.86
31;300;960;0.890625;0.3122718145004234;0.019778516933214967;8:27.27
31;310;720;0.9208333333333333;0.27018640863354354;0.019768650685682444;6:34.78
31;320;420;0.9547619047619048;0.2080737671565114;0.01995708343835871;3:44.58
31;330;450;0.9533333333333334;0.21115864480040133;0.019562436646605157;4:00.40
31;340;30;1.0;0.0;0.0;0:16.02
31;350;30;1.0;0.0;0.0;0:17.03
31;360;30;1.0;0.0;0.0;0:15.86
31;370;210;0.9809523809523809;0.13701900688551374;0.018639806330790386;1:53.92
31;380;30;1.0;0.0;0.0;0:17.28
31;390;30;1.0;0.0;0.0;0:17.61
31;400;30;1.0;0.0;0.0;0:15.78
31;410;30;1.0;0.0;0.0;0:16.53
31;420;30;1.0;0.0;0.0;0:18.74
31;430;30;1.0;0.0;0.0;0:17.71
31;440;30;1.0;0.0;0.0;0:16.67
31;450;30;1.0;0.0;0.0;0:16.94
31;460;30;1.0;0.0;0.0;0:18.04
31;470;30;1.0;0.0;0.0;0:15.94
31;480;30;1.0;0.0;0.0;0:18.40
31;490;30;1.0;0.0;0.0;0:17.81
31;500;30;1.0;0.0;0.0;0:18.07
31;510;30;1.0;0.0;0.0;0:17.07
31;520;30;1.0;0.0;0.0;0:16.61
31;530;30;1.0;0.0;0.0;0:16.80
31;540;30;1.0;0.0;0.0;0:17.44
31;550;30;1.0;0.0;0.0;0:16.37
31;560;30;1.0;0.0;0.0;0:16.03
31;570;30;1.0;0.0;0.0;0:16.42
31;580;30;1.0;0.0;0.0;0:16.83
31;590;30;1.0;0.0;0.0;0:18.42
31;600;30;1.0;0.0;0.0;0:15.95
32;10;30;0.0;0.0;0.0;0:01.33
32;20;30;0.0;0.0;0.0;0:01.99
32;30;30;0.0;0.0;0.0;0:02.57
32;40;30;0.0;0.0;0.0;0:03.37
32;50;30;0.0;0.0;0.0;0:03.94
32;60;30;0.0;0.0;0.0;0:04.55
32;70;30;0.0;0.0;0.0;0:05.12
32;80;30;0.0;0.0;0.0;0:05.74
32;90;30;0.0;0.0;0.0;0:06.33
32;100;30;0.0;0.0;0.0;0:06.92
32;110;30;0.0;0.0;0.0;0:07.59
32;120;30;0.0;0.0;0.0;0:08.28
32;130;30;0.0;0.0;0.0;0:08.96
32;140;30;0.0;0.0;0.0;0:09.70
32;150;30;0.0;0.0;0.0;0:10.12
32;160;30;0.0;0.0;0.0;0:10.76
32;170;30;0.0;0.0;0.0;0:11.39
32;180;120;0.008333333333333333;0.09128709291752768;0.01650083230355005;0:45.77
32;190;30;0.0;0.0;0.0;0:12.65
32;200;450;0.04888888888888889;0.21587571923885246;0.019999442055248246;3:10.18
32;210;630;0.06666666666666667;0.24964203306752222;0.01953133833055318;4:40.00
32;220;30;0.0;0.0;0.0;0:14.49
32;230;1650;0.21878787878787878;0.4135497472189396;0.019968836608084576;13:17.17
32;240;2070;0.30917874396135264;0.46226667667045707;0.019925518893315668;17:45.34
32;250;2340;0.4098290598290598;0.4919071138400022;0.01994105156667686;20:26.83
32;260;2400;0.5233333333333333;0.49955934451942663;0.019996257686182073;22:12.85
32;270;2280;0.6162280701754386;0.4864101205307767;0.019976250744967356;21:41.57
32;280;2100;0.68;0.46658725702008863;0.01996741378962478;20:25.46
32;290;1680;0.7785714285714286;0.4153319613693897;0.01987476435949051;16:38.25
32;300;1350;0.8355555555555556;0.37081575504657094;0.01979835996464234;13:32.51
32;310;870;0.9045977011494253;0.29393878713363203;0.01955918100117567;8:40.79
32;320;630;0.9349206349206349;0.2468618494329946;0.01931382405012614;6:22.66
32;330;360;0.9638888888888889;0.18682626815386436;0.019364281374102208;3:39.61
32;340;330;0.9666666666666667;0.17977809128866656;0.019468319360644068;3:27.88
32;350;30;1.0;0.0;0.0;0:18.84
32;360;30;1.0;0.0;0.0;0:19.23
32;370;30;1.0;0.0;0.0;0:18.20
32;380;30;1.0;0.0;0.0;0:19.38
32;390;30;1.0;0.0;0.0;0:20.35
32;400;120;0.9916666666666667;0.09128709291752739;0.016500832303549998;1:16.60
32;410;30;1.0;0.0;0.0;0:19.00
32;420;30;1.0;0.0;0.0;0:19.71
32;430;30;1.0;0.0;0.0;0:20.35
32;440;30;1.0;0.0;0.0;0:19.40
32;450;30;1.0;0.0;0.0;0:19.82
32;460;30;1.0;0.0;0.0;0:20.91
32;470;30;1.0;0.0;0.0;0:19.68
32;480;30;1.0;0.0;0.0;0:18.49
32;490;30;1.0;0.0;0.0;0:19.36
32;500;30;1.0;0.0;0.0;0:19.78
32;510;30;1.0;0.0;0.0;0:18.13
32;520;30;1.0;0.0;0.0;0:20.02
32;530;30;1.0;0.0;0.0;0:19.28
32;540;30;1.0;0.0;0.0;0:18.38
32;550;30;1.0;0.0;0.0;0:19.26
32;560;30;1.0;0.0;0.0;0:19.29
32;570;30;1.0;0.0;0.0;0:18.82
32;580;30;1.0;0.0;0.0;0:19.59
32;590;30;1.0;0.0;0.0;0:17.72
32;600;30;1.0;0.0;0.0;0:21.12
33;10;30;0.0;0.0;0.0;0:01.52
33;20;30;0.0;0.0;0.0;0:02.16
33;30;30;0.0;0.0;0.0;0:02.83
33;40;30;0.0;0.0;0.0;0:03.54
33;50;30;0.0;0.0;0.0;0:04.24
33;60;30;0.0;0.0;0.0;0:05.00
33;70;30;0.0;0.0;0.0;0:05.67
33;80;30;0.0;0.0;0.0;0:06.47
33;90;30;0.0;0.0;0.0;0:07.01
33;100;30;0.0;0.0;0.0;0:08.11
33;110;30;0.0;0.0;0.0;0:08.78
33;120;30;0.0;0.0;0.0;0:09.15
33;130;30;0.0;0.0;0.0;0:09.86
33;140;30;0.0;0.0;0.0;0:10.70
33;150;30;0.0;0.0;0.0;0:11.09
33;160;30;0.0;0.0;0.0;0:11.87
33;170;30;0.0;0.0;0.0;0:12.50
33;180;30;0.0;0.0;0.0;0:13.45
33;190;30;0.0;0.0;0.0;0:14.18
33;200;30;0.0;0.0;0.0;0:14.63
33;210;30;0.0;0.0;0.0;0:15.40
33;220;360;0.03611111111111111;0.18682626815386427;0.0193642813741022;3:05.10
33;230;690;0.07246376811594203;0.25944232811384205;0.01939223878302275;6:12.01
33;240;1230;0.14471544715447154;0.35195681091664294;0.019688508704101902;11:37.05
33;250;1650;0.21575757575757576;0.41147157336622864;0.01986848903348913;16:37.35
33;260;2010;0.2915422885572139;0.4545857373324628;0.01988509151179676;20:59.40
33;270;2310;0.3935064935064935;0.48863329139703254;0.019936681291340727;25:02.75
33;280;2430;0.5090534979423869;0.500020923006142;0.019890678217524636;26:56.11
33;290;2340;0.597008547008547;0.49060391531515174;0.019888222184351413;26:26.50
33;300;2160;0.663425925925926;0.4726472157192555;0.019943522002580504;24:44.36
33;310;1800;0.7555555555555555;0.4298767513717123;0.019872297690839;21:05.79
33;320;1410;0.8219858156028369;0.38266040413723584;0.01999057493294897;16:45.10
33;330;1050;0.878095238095238;0.32733168922722045;0.019821790116958487;12:48.14
33;340;750;0.92;0.27147424252121943;0.01946025137757769;9:17.99
33;350;510;0.9450980392156862;0.2280124470891491;0.01983606239082883;6:09.76
33;360;450;0.9533333333333334;0.21115864480040133;0.019562436646605157;5:33.60
33;370;330;0.9696969696969697;0.17168014453414085;0.018591385956509433;4:06.18
33;380;30;1.0;0.0;0.0;0:22.23
33;390;30;1.0;0.0;0.0;0:22.70
33;400;30;1.0;0.0;0.0;0:25.84
33;410;30;1.0;0.0;0.0;0:22.39
33;420;30;1.0;0.0;0.0;0:22.09
33;430;30;1.0;0.0;0.0;0:23.66
33;440;30;1.0;0.0;0.0;0:24.38
33;450;30;1.0;0.0;0.0;0:22.93
33;460;30;1.0;0.0;0.0;0:23.67
33;470;30;1.0;0.0;0.0;0:22.43
33;480;30;1.0;0.0;0.0;0:25.58
33;490;30;1.0;0.0;0.0;0:22.48
33;500;30;1.0;0.0;0.0;0:21.79
33;510;30;1.0;0.0;0.0;0:24.30
33;520;30;1.0;0.0;0.0;0:23.38
33;530;30;1.0;0.0;0.0;0:22.75
33;540;30;1.0;0.0;0.0;0:22.85
33;550;30;1.0;0.0;0.0;0:21.68
33;560;30;1.0;0.0;0.0;0:21.97
33;570;30;1.0;0.0;0.0;0:24.34
33;580;30;1.0;0.0;0.0;0:24.88
33;590;30;1.0;0.0;0.0;0:22.08
33;600;30;1.0;0.0;0.0;0:22.03
34;10;30;0.0;0.0;0.0;0:01.62
34;20;30;0.0;0.0;0.0;0:02.47
34;30;30;0.0;0.0;0.0;0:03.15
34;40;30;0.0;0.0;0.0;0:03.94
34;50;30;0.0;0.0;0.0;0:04.65
34;60;30;0.0;0.0;0.0;0:05.47
34;70;30;0.0;0.0;0.0;0:06.30
34;80;30;0.0;0.0;0.0;0:06.94
34;90;30;0.0;0.0;0.0;0:07.76
34;100;30;0.0;0.0;0.0;0:08.64
34;110;30;0.0;0.0;0.0;0:09.24
34;120;30;0.0;0.0;0.0;0:09.94
34;130;30;0.0;0.0;0.0;0:11.07
34;140;30;0.0;0.0;0.0;0:11.84
34;150;30;0.0;0.0;0.0;0:12.59
34;160;30;0.0;0.0;0.0;0:13.40
34;170;30;0.0;0.0;0.0;0:14.11
34;180;30;0.0;0.0;0.0;0:14.68
34;190;30;0.0;0.0;0.0;0:15.63
34;200;30;0.0;0.0;0.0;0:16.20
34;210;300;0.02666666666666667;0.16137646493112862;0.01833534742971014;2:48.31
34;220;30;0.0;0.0;0.0;0:17.84
34;230;900;0.10222222222222223;0.30310876390113983;0.019829438677000922;8:52.90
34;240;1260;0.1523809523809524;0.359532457340834;0.01987095011558491;13:26.67
34;250;1740;0.23620689655172414;0.42487285620901877;0.0199772097228288;19:23.06
34;260;2130;0.3295774647887324;0.47017012187419843;0.019978380792225556;24:09.70
34;270;2340;0.4128205128205128;0.4924463127431501;0.019962909744430036;27:43.54
34;280;2400;0.525;0.4994786777854663;0.01999302877490923;28:47.13
34;290;2280;0.6179824561403509;0.4859873757599979;0.019958889149914633;28:12.35
34;300;2040;0.7004901960784313;0.4581556249323438;0.019893165896758765;25:37.32
34;310;1650;0.7842424242424243;0.41147157336622864;0.01986848903348913;20:39.64
34;320;1170;0.8598290598290599;0.34731275095143327;0.01992167151651848;15:03.76
34;330;900;0.8966666666666666;0.30456299954140076;0.019924575076487767;11:39.63
34;340;780;0.9166666666666666;0.2765627398620739;0.019438813212535763;10:16.48
34;350;570;0.9421052631578948;0.2337494252850863;0.01923029676736135;7:29.31
34;360;300;0.97;0.17087224588772684;0.019414243556415845;4:03.67
34;370;240;0.9791666666666666;0.14312462505965168;0.018199590190470127;3:12.83
34;380;30;1.0;0.0;0.0;0:24.44
34;390;30;1.0;0.0;0.0;0:24.34
34;400;30;1.0;0.0;0.0;0:24.08
34;410;30;1.0;0.0;0.0;0:24.20
34;420;30;1.0;0.0;0.0;0:24.72
34;430;30;1.0;0.0;0.0;0:23.84
34;440;30;1.0;0.0;0.0;0:23.66
34;450;30;1.0;0.0;0.0;0:25.11
34;460;30;1.0;0.0;0.0;0:26.65
34;470;30;1.0;0.0;0.0;0:23.84
34;480;30;1.0;0.0;0.0;0:24.60
34;490;30;1.0;0.0;0.0;0:23.85
34;500;30;1.0;0.0;0.0;0:24.18
34;510;30;1.0;0.0;0.0;0:27.35
34;520;30;1.0;0.0;0.0;0:24.30
34;530;30;1.0;0.0;0.0;0:23.60
34;540;30;1.0;0.0;0.0;0:23.97
34;550;30;1.0;0.0;0.0;0:24.06
34;560;30;1.0;0.0;0.0;0:24.48
34;570;30;1.0;0.0;0.0;0:24.40
34;580;30;1.0;0.0;0.0;0:24.36
34;590;30;1.0;0.0;0.0;0:25.75
34;600;30;1.0;0.0;0.0;0:23.86
35;10;30;0.0;0.0;0.0;0:01.75
35;20;30;0.0;0.0;0.0;0:02.68
35;30;30;0.0;0.0;0.0;0:03.50
35;40;30;0.0;0.0;0.0;0:04.37
35;50;30;0.0;0.0;0.0;0:05.36
35;60;30;0.0;0.0;0.0;0:05.87
35;70;30;0.0;0.0;0.0;0:07.15
35;80;30;0.0;0.0;0.0;0:07.94
35;90;30;0.0;0.0;0.0;0:08.74
35;100;30;0.0;0.0;0.0;0:09.66
35;110;30;0.0;0.0;0.0;0:10.58
35;120;30;0.0;0.0;0.0;0:10.88
35;130;30;0.0;0.0;0.0;0:11.82
35;140;30;0.0;0.0;0.0;0:13.16
35;150;30;0.0;0.0;0.0;0:13.97
35;160;30;0.0;0.0;0.0;0:14.89
35;170;30;0.0;0.0;0.0;0:15.06
35;180;30;0.0;0.0;0.0;0:16.96
35;190;30;0.0;0.0;0.0;0:17.40
35;200;30;0.0;0.0;0.0;0:18.60
35;210;150;0.013333333333333334;0.11508191810497581;0.018567408772215844;1:35.02
35;220;30;0.0;0.0;0.0;0:20.16
35;230;450;0.04666666666666667;0.21115864480040142;0.019562436646605164;4:52.86
35;240;600;0.065;0.24673155608463743;0.019782244904462946;7:04.28
35;250;870;0.09655172413793103;0.2955162734307307;0.01966414959110797;10:38.76
35;260;1410;0.17446808510638298;0.37964614194011514;0.01983310676099385;17:46.19
35;270;1740;0.23218390804597702;0.42234708053939773;0.01985844960547262;23:02.42
35;280;2010;0.2930348258706468;0.45526754262951896;0.019914915942287576;27:01.88
35;290;2340;0.41068376068376067;0.49206308749900496;0.019947374465227638;32:20.35
35;300;2430;0.4967078189300412;0.5000920716180992;0.019893508487381258;34:26.80
35;310;2340;0.5901709401709402;0.4919071138400022;0.01994105156667686;34:20.55
35;320;2130;0.6694835680751173;0.47050956852611175;0.019992804495806586;31:22.06
35;330;1830;0.7497267759562841;0.4332887340531675;0.019864948119955882;27:32.16
35;340;1560;0.8;0.4001282667982302;0.01987111906043197;23:45.90
35;350;1170;0.8632478632478633;0.3437324169167051;0.01971630549306016;17:53.53
35;360;1020;0.8852941176470588;0.3188229883564233;0.019589068404826337;16:00.62
35;370;690;0.9260869565217391;0.2618191211970503;0.019569894215513268;10:51.75
35;380;510;0.9490196078431372;0.22017366696005158;0.019154123603303014;8:05.49
35;390;30;1.0;0.0;0.0;0:28.21
35;400;330;0.9666666666666667;0.17977809128866656;0.019468319360644068;5:16.22
35;410;30;1.0;0.0;0.0;0:27.67
35;420;30;1.0;0.0;0.0;0:29.77
35;430;30;1.0;0.0;0.0;0:26.30
35;440;120;0.9916666666666667;0.09128709291752739;0.016500832303549998;1:55.29
35;450;30;1.0;0.0;0.0;0:30.44
35;460;30;1.0;0.0;0.0;0:29.95
35;470;30;1.0;0.0;0.0;0:28.79
35;480;30;1.0;0.0;0.0;0:29.16
35;490;30;1.0;0.0;0.0;0:28.99
35;500;30;1.0;0.0;0.0;0:28.76
35;510;30;1.0;0.0;0.0;0:28.70
35;520;30;1.0;0.0;0.0;0:31.78
35;530;30;1.0;0.0;0.0;0:28.87
35;540;30;1.0;0.0;0.0;0:26.47
35;550;30;1.0;0.0;0.0;0:30.87
35;560;30;1.0;0.0;0.0;0:32.14
35;570;30;1.0;0.0;0.0;0:27.40
35;580;30;1.0;0.0;0.0;0:28.26
35;590;30;1.0;0.0;0.0;0:31.72
35;600;30;1.0;0.0;0.0;0:30.56
36;10;30;0.0;0.0;0.0;0:01.85
36;20;30;0.0;0.0;0.0;0:02.85
36;30;30;0.0;0.0;0.0;0:03.66
36;40;30;0.0;0.0;0.0;0:04.87
36;50;30;0.0;0.0;0.0;0:05.54
36;60;30;0.0;0.0;0.0;0:06.55
36;70;30;0.0;0.0;0.0;0:07.67
36;80;30;0.0;0.0;0.0;0:08.26
36;90;30;0.0;0.0;0.0;0:09.22
36;100;30;0.0;0.0;0.0;0:10.56
36;110;30;0.0;0.0;0.0;0:10.95
36;120;30;0.0;0.0;0.0;0:12.69
36;130;30;0.0;0.0;0.0;0:13.43
36;140;30;0.0;0.0;0.0;0:14.29
36;150;30;0.0;0.0;0.0;0:14.84
36;160;30;0.0;0.0;0.0;0:16.47
36;170;30;0.0;0.0;0.0;0:16.51
36;180;30;0.0;0.0;0.0;0:18.38
36;190;30;0.0;0.0;0.0;0:19.49
36;200;30;0.0;0.0;0.0;0:19.32
36;210;30;0.0;0.0;0.0;0:21.18
36;220;30;0.0;0.0;0.0;0:21.31
36;230;240;0.025;0.15645123025306878;0.01989418853823381;2:58.51
36;240;540;0.05555555555555555;0.22927381258641316;0.019381257999931956;6:44.81
36;250;840;0.09166666666666666;0.2887267405543935;0.019553406006912962;11:18.79
36;260;1350;0.16814814814814816;0.3741363867047207;0.019975653027257168;18:47.42
36;270;1800;0.2427777777777778;0.4288810052708179;0.0198262664437936;25:56.42
36;280;2070;0.3120772946859903;0.46345314708416707;0.019976660452588373;30:34.48
36;290;2340;0.40897435897435896;0.491749604536708;0.019934666415800096;35:44.32
36;300;2430;0.49300411522633747;0.5000539575492036;0.01989199232146683;37:55.57
36;310;2340;0.5863247863247864;0.4925969230373739;0.019969015221580275;37:08.90
36;320;2160;0.6638888888888889;0.4724868100838982;0.019936753628174198;35:14.88
36;330;1770;0.7576271186440678;0.4286397918639781;0.019982562931488115;29:07.92
36;340;1530;0.8045751633986928;0.396657036182782;0.01989122177146841;25:52.93
36;350;1200;0.8566666666666667;0.35055855189132434;0.019854395049912082;20:24.96
36;360;990;0.8868686868686869;0.31691334410798117;0.01976527382556304;17:02.23
36;370;30;1.0;0.0;0.0;0:32.44
36;380;30;1.0;0.0;0.0;0:35.26
36;390;240;0.9791666666666666;0.14312462505965168;0.018199590190470127;4:07.66
36;400;210;0.9809523809523809;0.13701900688551374;0.018639806330790386;3:43.01
36;410;30;1.0;0.0;0.0;0:31.74
36;420;150;0.9866666666666667;0.11508191810497569;0.018567408772215823;2:41.30
36;430;30;1.0;0.0;0.0;0:34.79
36;440;30;1.0;0.0;0.0;0:32.75
36;450;30;1.0;0.0;0.0;0:30.26
36;460;30;1.0;0.0;0.0;0:32.98
36;470;30;1.0;0.0;0.0;0:31.88
36;480;30;1.0;0.0;0.0;0:34.02
36;490;30;1.0;0.0;0.0;0:30.59
36;500;30;1.0;0.0;0.0;0:30.70
36;510;30;1.0;0.0;0.0;0:31.70
36;520;30;1.0;0.0;0.0;0:35.53
36;530;30;1.0;0.0;0.0;0:32.62
36;540;30;1.0;0.0;0.0;0:31.53
36;550;30;1.0;0.0;0.0;0:33.25
36;560;30;1.0;0.0;0.0;0:32.45
36;570;30;1.0;0.0;0.0;0:31.85
36;580;30;1.0;0.0;0.0;0:34.91
36;590;30;1.0;0.0;0.0;0:33.37
36;600;30;1.0;0.0;0.0;0:32.64
37;10;30;0.0;0.0;0.0;0:02.06
37;20;30;0.0;0.0;0.0;0:03.10
37;30;30;0.0;0.0;0.0;0:04.05
37;40;30;0.0;0.0;0.0;0:05.21
37;50;30;0.0;0.0;0.0;0:06.00
37;60;30;0.0;0.0;0.0;0:07.47
37;70;30;0.0;0.0;0.0;0:08.40
37;80;30;0.0;0.0;0.0;0:09.33
37;90;30;0.0;0.0;0.0;0:10.50
37;100;30;0.0;0.0;0.0;0:11.16
37;110;30;0.0;0.0;0.0;0:12.62
37;120;30;0.0;0.0;0.0;0:13.20
37;130;30;0.0;0.0;0.0;0:14.76
37;140;30;0.0;0.0;0.0;0:15.82
37;150;30;0.0;0.0;0.0;0:16.86
37;160;30;0.0;0.0;0.0;0:18.12
37;170;30;0.0;0.0;0.0;0:19.06
37;180;30;0.0;0.0;0.0;0:20.07
37;190;120;0.008333333333333333;0.09128709291752768;0.01650083230355005;1:22.24
37;200;120;0.008333333333333333;0.09128709291752768;0.01650083230355005;1:25.77
37;210;180;0.016666666666666666;0.12837619299299347;0.01888176341666884;2:16.02
37;220;240;0.025;0.15645123025306878;0.01989418853823381;3:08.64
37;230;30;0.0;0.0;0.0;0:25.75
37;240;960;0.10833333333333334;0.31096293871246744;0.0196956160092972;13:40.96
37;250;1170;0.13931623931623932;0.3464243023451245;0.019870710585064896;17:17.36
37;260;1650;0.21272727272727274;0.4093604051955441;0.01976654828141253;25:10.16
37;270;2010;0.2955223880597015;0.45639076934325795;0.01996404961313757;31:34.47
37;280;2250;0.36977777777777776;0.48285173002903903;0.019962016614429257;36:11.67
37;290;2400;0.46291666666666664;0.49872684231809283;0.01996293446097407;40:15.34
37;300;2400;0.5458333333333333;0.4979986345251202;0.019933785910682462;40:59.87
37;310;2250;0.6311111111111111;0.4826110168728385;0.01995206507087137;39:01.49
37;320;1950;0.718974358974359;0.4496152786303068;0.019968324786340377;34:33.96
37;330;1650;0.7866666666666666;0.40978530273791436;0.019787065062418507;29:41.52
37;340;1380;0.8268115942028985;0.378547250736604;0.019989870989034493;25:15.99
37;350;990;0.8848484848484849;0.31936604175715244;0.01991824384575464;18:28.26
37;360;870;0.903448275862069;0.2955162734307307;0.01966414959110797;16:16.10
37;370;510;0.9450980392156862;0.2280124470891491;0.01983606239082883;9:34.26
37;380;420;0.9595238095238096;0.19730828743603795;0.018924528590280043;7:50.72
37;390;240;0.9791666666666666;0.14312462505965168;0.018199590190470127;4:33.91
37;400;30;1.0;0.0;0.0;0:34.05
37;410;120;0.9916666666666667;0.09128709291752739;0.016500832303549998;2:18.02
37;420;30;1.0;0.0;0.0;0:37.38
37;430;30;1.0;0.0;0.0;0:32.43
37;440;30;1.0;0.0;0.0;0:35.65
37;450;30;1.0;0.0;0.0;0:36.99
37;460;30;1.0;0.0;0.0;0:31.74
37;470;30;1.0;0.0;0.0;0:33.11
37;480;30;1.0;0.0;0.0;0:36.94
37;490;30;1.0;0.0;0.0;0:35.45
37;500;30;1.0;0.0;0.0;0:36.72
37;510;30;1.0;0.0;0.0;0:35.20
37;520;30;1.0;0.0;0.0;0:35.88
37;530;30;1.0;0.0;0.0;0:34.64
37;540;30;1.0;0.0;0.0;0:34.76
37;550;30;1.0;0.0;0.0;0:35.58
37;560;30;1.0;0.0;0.0;0:37.23
37;570;30;1.0;0.0;0.0;0:33.45
37;580;30;1.0;0.0;0.0;0:35.91
37;590;30;1.0;0.0;0.0;0:36.10
37;600;30;1.0;0.0;0.0;0:38.85
38;10;30;0.0;0.0;0.0;0:02.33
38;20;30;0.0;0.0;0.0;0:03.38
38;30;30;0.0;0.0;0.0;0:04.63
38;40;30;0.0;0.0;0.0;0:05.80
38;50;30;0.0;0.0;0.0;0:06.64
38;60;30;0.0;0.0;0.0;0:08.08
38;70;30;0.0;0.0;0.0;0:09.24
38;80;30;0.0;0.0;0.0;0:10.21
38;90;30;0.0;0.0;0.0;0:11.16
38;100;30;0.0;0.0;0.0;0:12.78
38;110;30;0.0;0.0;0.0;0:13.49
38;120;30;0.0;0.0;0.0;0:15.04
38;130;30;0.0;0.0;0.0;0:16.21
38;140;30;0.0;0.0;0.0;0:18.17
38;150;30;0.0;0.0;0.0;0:18.08
38;160;30;0.0;0.0;0.0;0:18.95
38;170;30;0.0;0.0;0.0;0:20.01
38;180;30;0.0;0.0;0.0;0:22.16
38;190;30;0.0;0.0;0.0;0:23.31
38;200;30;0.0;0.0;0.0;0:24.63
38;210;30;0.0;0.0;0.0;0:25.78
38;220;30;0.0;0.0;0.0;0:26.99
38;230;30;0.0;0.0;0.0;0:28.29
38;240;120;0.008333333333333333;0.09128709291752768;0.01650083230355005;1:52.65
38;250;300;0.02666666666666667;0.16137646493112862;0.01833534742971014;4:44.23
38;260;540;0.05740740740740741;0.23283511317341213;0.019682306273667627;8:49.86
38;270;630;0.06666666666666667;0.24964203306752222;0.01953133833055318;11:01.23
38;280;900;0.1;0.3001668056842815;0.019636975155654116;16:07.54
38;290;1530;0.19607843137254902;0.3971583748922428;0.019916362481308014;28:28.69
38;300;1710;0.22923976608187135;0.4204667442600151;0.019942948760639123;32:40.43
38;310;2130;0.3248826291079812;0.468440955130954;0.019904905362710633;42:06.18
38;320;2340;0.4153846153846154;0.49289355740747737;0.019981040258633523;47:26.58
38;330;2430;0.5069958847736625;0.5000539575492036;0.01989199232146683;50:13.46
38;340;2310;0.6038961038961039;0.48919239226508504;0.019959493113646583;49:04.69
38;350;2130;0.6699530516431925;0.47034011024711003;0.019985603906341656;45:42.74
38;360;1860;0.7424731182795699;0.43738957641647175;0.019890371694400333;40:48.61
38;370;1470;0.8156462585034013;0.3879043695305582;0.0198459580697845;32:27.87
38;380;1170;0.8623931623931624;0.3446341697920852;0.019768029550190764;25:59.87
38;390;30;1.0;0.0;0.0;0:41.03
38;400;690;0.9246376811594202;0.26416656854446974;0.019745356175875247;15:37.94
38;410;30;1.0;0.0;0.0;0:45.34
38;420;30;1.0;0.0;0.0;0:42.37
38;430;30;1.0;0.0;0.0;0:40.70
38;440;30;1.0;0.0;0.0;0:41.56
38;450;30;1.0;0.0;0.0;0:42.53
38;460;30;1.0;0.0;0.0;0:41.93
38;470;30;1.0;0.0;0.0;0:42.95
38;480;30;1.0;0.0;0.0;0:42.72
38;490;30;1.0;0.0;0.0;0:45.57
38;500;30;1.0;0.0;0.0;0:42.85
38;510;30;1.0;0.0;0.0;0:43.40
38;520;30;1.0;0.0;0.0;0:42.12
38;530;30;1.0;0.0;0.0;0:43.42
38;540;30;1.0;0.0;0.0;0:40.68
38;550;30;1.0;0.0;0.0;0:41.58
38;560;30;1.0;0.0;0.0;0:44.40
38;570;30;1.0;0.0;0.0;0:43.91
38;580;30;1.0;0.0;0.0;0:44.63
38;590;30;1.0;0.0;0.0;0:44.24
38;600;30;1.0;0.0;0.0;0:43.55
39;10;30;0.0;0.0;0.0;0:02.49
39;20;30;0.0;0.0;0.0;0:03.76
39;30;30;0.0;0.0;0.0;0:05.03
39;40;30;0.0;0.0;0.0;0:06.39
39;50;30;0.0;0.0;0.0;0:07.59
39;60;30;0.0;0.0;0.0;0:08.95
39;70;30;0.0;0.0;0.0;0:10.07
39;80;30;0.0;0.0;0.0;0:11.43
39;90;30;0.0;0.0;0.0;0:12.70
39;100;30;0.0;0.0;0.0;0:13.92
39;110;30;0.0;0.0;0.0;0:15.23
39;120;30;0.0;0.0;0.0;0:16.44
39;130;30;0.0;0.0;0.0;0:17.96
39;140;30;0.0;0.0;0.0;0:18.53
39;150;30;0.0;0.0;0.0;0:20.44
39;160;30;0.0;0.0;0.0;0:20.75
39;170;30;0.0;0.0;0.0;0:22.01
39;180;30;0.0;0.0;0.0;0:24.24
39;190;30;0.0;0.0;0.0;0:25.48
39;200;30;0.0;0.0;0.0;0:25.63
39;210;30;0.0;0.0;0.0;0:28.10
39;220;30;0.0;0.0;0.0;0:28.04
39;230;120;0.008333333333333333;0.09128709291752768;0.01650083230355005;1:54.64
39;240;120;0.008333333333333333;0.09128709291752768;0.01650083230355005;2:02.35
39;250;390;0.038461538461538464;0.1925547157779345;0.019170051344746388;6:58.81
39;260;30;0.0;0.0;0.0;0:33.08
39;270;600;0.06166666666666667;0.2407498488162848;0.019302648374504836;11:32.77
39;280;1020;0.11666666666666667;0.3211801512623919;0.019733896811474097;20:17.26
39;290;1380;0.16956521739130434;0.3753864232189026;0.019822957785532176;28:14.62
39;300;1770;0.23954802259887006;0.42692826516191884;0.019902774048883222;37:27.33
39;310;2100;0.32142857142857145;0.4671361229383165;0.019990902285590726;45:58.46
39;320;2340;0.40897435897435896;0.491749604536708;0.019934666415800096;52:02.46
39;330;2400;0.47333333333333333;0.49939243341947104;0.01998957660333974;54:31.52
39;340;2370;0.5734177215189873;0.49468484172898136;0.01992619905480536;54:53.03
39;350;2160;0.6615740740740741;0.4732837638702499;0.01997038138444683;51:29.24
39;360;1890;0.735978835978836;0.4409272672799184;0.019891269578063017;45:45.08
39;370;1650;0.7818181818181819;0.41313672798045326;0.01994889338784374;40:07.26
39;380;1110;0.8693693693693694;0.33714785062602426;0.019855518688351788;27:16.54
39;390;1110;0.8693693693693694;0.33714785062602426;0.019855518688351788;27:35.46
39;400;840;0.9047619047619048;0.2937184084013004;0.019891456122654968;21:00.88
39;410;540;0.9407407407407408;0.23632821938904935;0.019977589856309298;13:37.82
39;420;30;1.0;0.0;0.0;0:45.70
39;430;180;0.9833333333333333;0.12837619299299383;0.018881763416668893;4:43.53
39;440;30;1.0;0.0;0.0;0:45.87
39;450;30;1.0;0.0;0.0;0:45.15
39;460;30;1.0;0.0;0.0;0:49.86
39;470;30;1.0;0.0;0.0;0:45.69
39;480;30;1.0;0.0;0.0;0:46.07
39;490;30;1.0;0.0;0.0;0:49.07
39;500;30;1.0;0.0;0.0;0:49.32
39;510;30;1.0;0.0;0.0;0:47.72
39;520;30;1.0;0.0;0.0;0:47.60
39;530;30;1.0;0.0;0.0;0:49.02
39;540;30;1.0;0.0;0.0;0:49.48
39;550;30;1.0;0.0;0.0;0:44.17
39;560;30;1.0;0.0;0.0;0:49.35
39;570;30;1.0;0.0;0.0;0:48.28
39;580;30;1.0;0.0;0.0;0:48.29
39;590;30;1.0;0.0;0.0;0:52.23
39;600;30;1.0;0.0;0.0;0:50.40
40;10;30;0.0;0.0;0.0;0:02.75
40;20;30;0.0;0.0;0.0;0:04.07
40;30;30;0.0;0.0;0.0;0:05.53
40;40;30;0.0;0.0;0.0;0:06.91
40;50;30;0.0;0.0;0.0;0:08.19
40;60;30;0.0;0.0;0.0;0:09.61
40;70;30;0.0;0.0;0.0;0:10.97
40;80;30;0.0;0.0;0.0;0:12.33
40;90;30;0.0;0.0;0.0;0:13.80
40;100;30;0.0;0.0;0.0;0:15.40
40;110;30;0.0;0.0;0.0;0:16.52
40;120;30;0.0;0.0;0.0;0:17.98
40;130;30;0.0;0.0;0.0;0:19.93
40;140;30;0.0;0.0;0.0;0:20.61
40;150;30;0.0;0.0;0.0;0:21.97
40;160;30;0.0;0.0;0.0;0:23.42
40;170;30;0.0;0.0;0.0;0:24.73
40;180;30;0.0;0.0;0.0;0:26.22
40;190;30;0.0;0.0;0.0;0:27.64
40;200;30;0.0;0.0;0.0;0:29.04
40;210;30;0.0;0.0;0.0;0:30.78
40;220;30;0.0;0.0;0.0;0:30.83
40;230;180;0.016666666666666666;0.12837619299299347;0.01888176341666884;3:05.66
40;240;210;0.01904761904761905;0.13701900688551372;0.018639806330790383;3:55.53
40;250;450;0.04666666666666667;0.21115864480040142;0.019562436646605164;8:26.32
40;260;30;0.0;0.0;0.0;0:37.55
40;270;930;0.10752688172043011;0.30994862560509195;0.0199463077910785;19:32.21
40;280;1230;0.14715447154471545;0.3544039342573561;0.019825401094586293;26:38.41
40;290;1770;0.24067796610169492;0.42761593850706575;0.019934832378876218;39:19.95
40;300;2070;0.30966183574879225;0.46246589532925486;0.019934106004068208;47:46.70
40;310;2340;0.40384615384615385;0.4907722163785614;0.019895044814253995;55:05.36
40;320;2430;0.4860082304526749;0.4999070641646559;0.01988614894790007;58:29.47
40;330;2370;0.5729957805907173;0.49474730576631226;0.01992871514330581;59:02.07
40;340;2160;0.662962962962963;0.4728071134015553;0.019950268943721913;54:02.65
40;350;1890;0.7375661375661375;0.44007362841827274;0.019852759914498655;48:03.84
40;360;1590;0.7911949685534592;0.40658265888014006;0.019999968457642094;41:05.04
40;370;1260;0.8492063492063492;0.35798971673900193;0.019785684596674527;33:07.95
40;380;930;0.8924731182795699;0.30994862560509195;0.0199463077910785;24:32.63
40;390;630;0.9333333333333333;0.24964203306752233;0.01953133833055319;16:38.13
40;400;30;1.0;0.0;0.0;0:47.12
40;410;30;1.0;0.0;0.0;0:47.13
40;420;30;1.0;0.0;0.0;0:48.67
40;430;240;0.9791666666666666;0.14312462505965168;0.018199590190470127;6:39.25
40;440;240;0.975;0.1564512302530687;0.019894188538233798;6:32.41
40;450;30;1.0;0.0;0.0;0:48.70
40;460;150;0.9866666666666667;0.11508191810497569;0.018567408772215823;4:01.96
40;470;30;1.0;0.0;0.0;0:46.70
40;480;120;0.9916666666666667;0.09128709291752739;0.016500832303549998;3:18.13
40;490;30;1.0;0.0;0.0;0:47.10
40;500;30;1.0;0.0;0.0;0:51.35
40;510;30;1.0;0.0;0.0;0:51.43
40;520;30;1.0;0.0;0.0;0:51.08
40;530;30;1.0;0.0;0.0;0:50.69
40;540;30;1.0;0.0;0.0;0:50.45
40;550;30;1.0;0.0;0.0;0:47.51
40;560;30;1.0;0.0;0.0;0:50.02
40;570;30;1.0;0.0;0.0;0:52.20
40;580;30;1.0;0.0;0.0;0:46.70
40;590;30;1.0;0.0;0.0;0:47.96
40;600;30;1.0;0.0;0.0;0:48.05
41;10;30;0.0;0.0;0.0;0:02.46
41;20;30;0.0;0.0;0.0;0:03.42
41;30;30;0.0;0.0;0.0;0:04.39
41;40;30;0.0;0.0;0.0;0:05.51
41;50;30;0.0;0.0;0.0;0:06.53
41;60;30;0.0;0.0;0.0;0:07.36
41;70;30;0.0;0.0;0.0;0:08.43
41;80;30;0.0;0.0;0.0;0:09.43
41;90;30;0.0;0.0;0.0;0:10.50
41;100;30;0.0;0.0;0.0;0:11.50
41;110;30;0.0;0.0;0.0;0:12.52
41;120;30;0.0;0.0;0.0;0:13.56
41;130;30;0.0;0.0;0.0;0:14.60
41;140;30;0.0;0.0;0.0;0:15.52
41;150;30;0.0;0.0;0.0;0:16.74
41;160;30;0.0;0.0;0.0;0:17.67
41;170;30;0.0;0.0;0.0;0:18.80
41;180;30;0.0;0.0;0.0;0:19.67
41;190;30;0.0;0.0;0.0;0:20.75
41;200;30;0.0;0.0;0.0;0:21.86
41;210;30;0.0;0.0;0.0;0:22.84
41;220;30;0.0;0.0;0.0;0:23.58
41;230;30;0.0;0.0;0.0;0:25.02
41;240;30;0.0;0.0;0.0;0:25.85
41;250;30;0.0;0.0;0.0;0:26.77
41;260;30;0.0;0.0;0.0;0:27.83
41;270;30;0.0;0.0;0.0;0:28.78
41;280;30;0.0;0.0;0.0;0:30.22
41;290;30;0.0;0.0;0.0;0:30.95
41;300;660;0.07121212121212121;0.2573738926968461;0.01967156794985337;11:13.92
41;310;930;0.10752688172043011;0.30994862560509195;0.0199463077910785;16:22.53
41;320;1350;0.16592592592592592;0.3721519897549538;0.019869703361986634;24:46.67
41;330;1800;0.24333333333333335;0.429213896798687;0.01984165531867335;32:38.15
41;340;2070;0.3130434782608696;0.4638439357751876;0.019993504988089633;39:37.00
41;350;2280;0.3828947368421053;0.4861995857480643;0.01996760434672751;44:51.25
41;360;2400;0.45875;0.49839937631143577;0.019949826719672825;47:56.40
41;370;2400;0.5583333333333333;0.4966890515148067;0.019881366193940167;49:31.86
41;380;2280;0.6258771929824561;0.48400173231299615;0.019877341275573276;53:02.30
41;390;2070;0.6942028985507246;0.46085554896768977;0.01986469371788903;44:18.27
41;400;1740;0.7632183908045977;0.4252293478600463;0.01999397169849502;37:34.95
41;410;1290;0.8434108527131783;0.36355390896411666;0.019857750045876785;28:16.59
41;420;1230;0.8520325203252033;0.35521217109274594;0.01987061396581076;27:13.34
41;430;960;0.8927083333333333;0.30964502252126275;0.019612142488813124;21:42.20
41;440;690;0.9231884057971015;0.2664854456694083;0.019918682630514394;15:39.81
41;450;390;0.9615384615384616;0.1925547157779344;0.019170051344746378;8:56.35
41;460;360;0.9638888888888889;0.18682626815386436;0.019364281374102208;8:18.62
41;470;240;0.975;0.1564512302530687;0.019894188538233798;5:37.77
41;480;30;1.0;0.0;0.0;0:41.64
41;490;30;1.0;0.0;0.0;0:42.43
41;500;30;1.0;0.0;0.0;0:44.05
41;510;30;1.0;0.0;0.0;0:44.58
41;520;30;1.0;0.0;0.0;0:42.38
41;530;30;1.0;0.0;0.0;0:45.96
41;540;30;1.0;0.0;0.0;0:42.50
41;550;30;1.0;0.0;0.0;0:42.67
41;560;30;1.0;0.0;0.0;0:44.26
41;570;30;1.0;0.0;0.0;0:41.33
41;580;30;1.0;0.0;0.0;0:42.19
41;590;30;1.0;0.0;0.0;0:41.23
41;600;30;1.0;0.0;0.0;0:44.82
42;10;30;0.0;0.0;0.0;0:02.72
42;20;30;0.0;0.0;0.0;0:03.74
42;30;30;0.0;0.0;0.0;0:04.90
42;40;30;0.0;0.0;0.0;0:06.01
42;50;30;0.0;0.0;0.0;0:06.99
42;60;30;0.0;0.0;0.0;0:08.07
42;70;30;0.0;0.0;0.0;0:09.27
42;80;30;0.0;0.0;0.0;0:10.28
42;90;30;0.0;0.0;0.0;0:12.00
42;100;30;0.0;0.0;0.0;0:13.14
42;110;30;0.0;0.0;0.0;0:13.68
42;120;30;0.0;0.0;0.0;0:14.73
42;130;30;0.0;0.0;0.0;0:15.74
42;140;30;0.0;0.0;0.0;0:17.02
42;150;30;0.0;0.0;0.0;0:18.18
42;160;30;0.0;0.0;0.0;0:19.23
42;170;30;0.0;0.0;0.0;0:21.22
42;180;30;0.0;0.0;0.0;0:21.47
42;190;30;0.0;0.0;0.0;0:22.70
42;200;30;0.0;0.0;0.0;0:23.50
42;210;30;0.0;0.0;0.0;0:24.91
42;220;30;0.0;0.0;0.0;0:26.09
42;230;30;0.0;0.0;0.0;0:26.49
42;240;30;0.0;0.0;0.0;0:28.35
42;250;120;0.008333333333333333;0.09128709291752768;0.01650083230355005;1:52.93
42;260;30;0.0;0.0;0.0;0:30.43
42;270;210;0.01904761904761905;0.13701900688551372;0.018639806330790383;3:33.64
42;280;30;0.0;0.0;0.0;0:32.55
42;290;420;0.04523809523809524;0.2080737671565114;0.01995708343835871;7:35.83
42;300;30;0.0;0.0;0.0;0:35.00
42;310;780;0.08717948717948718;0.2822789042945815;0.019840586252356927;15:02.19
42;320;1380;0.17101449275362318;0.3766581226280099;0.019890112168704743;27:24.98
42;330;1530;0.19673202614379084;0.3976580065958151;0.01994141758965918;31:16.71
42;340;2040;0.2985294117647059;0.4577251404347588;0.01987447421415047;42:36.94
42;350;2250;0.3675555555555556;0.48224664845814447;0.019937001381760307;48:23.69
42;360;2400;0.45625;0.49818605934836613;0.01994128811258005;53:28.37
42;370;2400;0.5445833333333333;0.49811214393333286;0.019938329441699;53:42.38
42;380;2340;0.597008547008547;0.49060391531515174;0.019888222184351413;53:27.55
42;390;2070;0.6879227053140097;0.46345314708416707;0.019976660452588373;48:21.52
42;400;1830;0.7448087431693989;0.43608783372237303;0.019993278181047503;43:29.19
42;410;1500;0.8113333333333334;0.3913740810739087;0.019821902219499664;36:14.49
42;420;1260;0.85;0.357213200833733;0.01974276744551749;31:13.66
42;430;1050;0.8790476190476191;0.326227311749658;0.019754913797645136;26:00.33
42;440;750;0.9173333333333333;0.2755614893293767;0.01975323994839109;18:46.09
42;450;660;0.9272727272727272;0.2598852639015103;0.019863516747698408;16:43.22
42;460;30;1.0;0.0;0.0;0:47.18
42;470;150;0.9866666666666667;0.11508191810497569;0.018567408772215823;3:52.29
42;480;30;1.0;0.0;0.0;0:45.13
42;490;120;0.9916666666666667;0.09128709291752739;0.016500832303549998;3:00.17
42;500;30;1.0;0.0;0.0;0:45.36
42;510;30;1.0;0.0;0.0;0:46.58
42;520;30;1.0;0.0;0.0;0:47.03
42;530;30;1.0;0.0;0.0;0:46.07
42;540;30;1.0;0.0;0.0;0:47.47
42;550;30;1.0;0.0;0.0;0:49.60
42;560;30;1.0;0.0;0.0;0:47.37
42;570;30;1.0;0.0;0.0;0:47.54
42;580;30;1.0;0.0;0.0;0:45.35
42;590;30;1.0;0.0;0.0;0:49.17
42;600;30;1.0;0.0;0.0;0:52.74
